eccc_wind_gust_max_kmh,weather_stress_score,worldcover_tree_pct,worldcover_shrub_grass_pct,sentinel2_ndvi_mean,sentinel2_ndmi_mean,vegetation_dryness_score,wildfire_exposure_score,distance_to_active_fire_km,planning_priority_score,tree_contact_exposure_proxy,outage_history_proxy_score
0.0,27.6,93.52,5.89,0.2479,-0.4261,100.0,6.5,170.61,49.05,71.65,15.936388888888889
0.0,27.6,81.38,18.62,0.2479,-0.4261,100.0,6.5,168.38,48.85,72.29,15.936388888888889
0.0,27.6,64.2,30.13,0.2479,-0.4261,100.0,6.5,165.55,44.25,63.43,15.936388888888889
0.0,27.6,55.32,44.38,0.2479,-0.4261,100.0,6.5,162.65,36.86,54.64,15.936388888888889
0.0,27.6,76.03,23.5,0.2479,-0.4261,100.0,6.5,160.49,45.52,69.01,15.936388888888889
0.0,27.6,80.16,19.84,0.2479,-0.4261,100.0,6.5,158.58,42.21,64.31,15.936388888888889
0.0,27.6,50.17,49.83,0.2479,-0.4261,100.0,6.5,156.25,34.61,51.19,15.936388888888889
0.0,27.6,85.76,14.24,0.2479,-0.4261,100.0,6.5,154.55,38.78,61.36,15.936388888888889
0.0,27.6,18.91,22.48,0.2479,-0.4261,100.0,6.5,153.28,35.32,47.13,15.936388888888889
0.0,27.6,96.69,2.65,0.2479,-0.4261,100.0,6.5,150.49,49.63,73.04,15.936388888888889
0.0,27.6,81.9,18.1,0.2479,-0.4261,100.0,6.5,146.48,42.53,66.14,15.936388888888889
0.0,27.6,74.24,18.46,0.2479,-0.4261,100.0,6.5,142.18,42.71,63.76,15.936388888888889
0.0,27.6,43.83,55.87,0.2479,-0.4261,100.0,6.5,137.4,30.99,46.57,15.936388888888889
0.0,27.6,84.39,15.38,0.2479,-0.4261,100.0,6.5,133.23,47.97,70.45,15.936388888888889
0.0,27.6,60.45,39.55,0.2479,-0.4261,100.0,6.5,129.3,39.43,58.88,15.936388888888889
0.0,27.6,70.8,29.2,0.2479,-0.4261,100.0,6.5,124.86,49.58,71.68,15.936388888888889
0.0,27.6,22.66,77.34,0.2479,-0.4261,100.0,6.5,120.97,36.33,47.84,15.936388888888889
0.0,27.6,93.11,6.89,0.2479,-0.4261,100.0,6.5,117.23,41.77,66.15,15.936388888888889
0.0,27.6,93.8,4.34,0.2479,-0.4261,100.0,6.5,113.11,49.83,72.29,15.936388888888889
0.0,27.6,74.08,23.18,0.2479,-0.4261,100.0,6.5,109.04,49.79,71.54,15.936388888888889
0.0,27.6,94.88,5.12,0.2479,-0.4261,100.0,6.5,106.25,50.17,72.81,15.936388888888889
0.0,27.6,79.89,20.11,0.2479,-0.4261,100.0,6.5,105.55,49.05,72.67,15.936388888888889
0.0,27.6,59.87,8.49,0.2479,-0.4261,100.0,6.5,103.84,31.9,49.92,15.936388888888889
0.0,27.6,21.86,75.69,0.2479,-0.4261,100.0,6.5,100.89,30.54,41.04,15.936388888888889
0.0,27.6,79.08,17.38,0.2479,-0.4261,100.0,6.5,97.47,47.0,69.4,15.936388888888889
0.0,27.6,67.99,31.22,0.2479,-0.4261,100.0,6.5,94.03,49.88,71.5,15.936388888888889
0.0,27.6,59.03,38.65,0.2479,-0.4261,100.0,6.5,90.91,37.82,56.93,15.936388888888889
0.0,27.6,73.58,18.99,0.2479,-0.4261,100.0,6.5,87.48,43.26,66.39,15.936388888888889
0.0,27.6,25.14,74.86,0.2479,-0.4261,100.0,6.5,85.13,34.8,47.81,15.936388888888889
0.0,27.6,69.21,30.79,0.2479,-0.4261,100.0,6.5,82.24,38.48,59.12,15.936388888888889
0.0,27.6,71.0,26.61,0.2479,-0.4261,100.0,6.5,79.78,46.4,67.25,15.936388888888889
0.0,27.6,22.17,77.33,0.2479,-0.4261,100.0,6.5,80.18,28.98,39.35,15.936388888888889
0.0,27.6,88.45,11.55,0.2479,-0.4261,100.0,6.5,80.58,40.88,64.6,15.936388888888889
0.0,27.6,74.42,25.58,0.2479,-0.4261,100.0,6.5,78.62,50.53,73.01,15.936388888888889
0.0,27.6,77.44,22.56,0.2479,-0.4261,100.0,6.5,75.64,51.18,74.02,15.936388888888889
0.0,27.6,86.51,13.49,0.2479,-0.4261,100.0,6.5,73.38,50.52,74.58,15.936388888888889
0.0,27.6,87.04,12.96,0.2479,-0.4261,100.0,6.5,71.62,47.69,71.9,15.936388888888889
0.0,27.6,73.72,25.73,0.2479,-0.4261,100.0,6.5,71.01,41.96,64.04,15.936388888888889
0.0,27.6,78.15,21.85,0.2479,-0.4261,100.0,6.5,72.35,51.68,75.27,15.936388888888889
0.0,27.6,7.06,92.94,0.2479,-0.4261,100.0,6.5,74.68,28.7,36.75,15.936388888888889
0.0,27.6,91.97,4.72,0.2479,-0.4261,100.0,6.5,77.09,51.78,75.22,15.936388888888889
0.0,27.6,11.31,88.69,0.2479,-0.4261,100.0,6.5,78.99,35.7,44.21,15.936388888888889
0.0,27.6,79.93,20.07,0.2479,-0.4261,100.0,6.5,81.81,50.45,73.22,15.936388888888889
0.0,27.6,18.08,47.05,0.2479,-0.4261,100.0,6.5,86.01,41.76,52.94,15.936388888888889
0.0,27.6,30.27,65.03,0.2479,-0.4261,100.0,6.5,88.29,36.88,49.23,15.936388888888889
0.0,27.6,0.0,100.0,0.2479,-0.4261,100.0,34.5,15.29,41.79,42.46,15.936388888888889
0.0,27.6,0.0,87.5,0.2479,-0.4261,100.0,34.5,15.29,36.17,37.89,15.936388888888889
0.0,27.6,0.0,100.0,0.2479,-0.4261,100.0,34.5,15.31,37.29,39.25,15.936388888888889
0.0,27.6,0.0,100.0,0.2479,-0.4261,100.0,34.5,15.33,41.78,42.76,15.936388888888889
0.0,27.6,0.0,36.36,0.2479,-0.4261,100.0,34.5,15.35,39.91,42.24,15.936388888888889
0.0,27.6,28.57,0.0,0.2479,-0.4261,100.0,34.5,15.37,49.52,57.5,15.936388888888889
0.0,27.6,39.29,39.29,0.2479,-0.4261,100.0,34.5,15.44,50.65,61.3,15.936388888888889
0.0,27.6,0.0,96.05,0.2479,-0.4261,100.0,34.5,15.92,28.75,29.47,15.936388888888889
0.0,27.6,9.52,47.62,0.2479,-0.4261,100.0,34.5,15.49,44.12,47.08,15.936388888888889
0.0,27.6,12.25,77.68,0.2479,-0.4261,100.0,34.5,16.75,34.81,38.22,15.936388888888889
0.0,27.6,15.9,78.24,0.2479,-0.4261,100.0,34.5,18.54,44.64,48.61,15.936388888888889
0.0,27.6,8.89,86.58,0.2479,-0.4261,100.0,34.5,16.76,37.13,40.47,15.936388888888889
0.0,27.6,10.5,84.45,0.2479,-0.4261,100.0,34.5,18.55,44.15,47.54,15.936388888888889
0.0,27.6,14.22,84.91,0.2479,-0.4261,100.0,34.5,16.99,46.52,51.74,15.936388888888889
0.0,27.6,6.8,90.18,0.2479,-0.4261,100.0,34.5,18.27,35.99,39.77,15.936388888888889
0.0,27.6,15.44,84.56,0.2479,-0.4261,100.0,16.25,32.65,30.43,38.24,15.936388888888889
0.0,27.6,27.09,72.91,0.2479,-0.4261,100.0,16.25,32.78,37.17,47.83,15.936388888888889
0.0,27.6,75.89,22.58,0.2479,-0.4261,100.0,16.25,36.29,52.38,72.72,15.936388888888889
0.0,27.6,67.37,29.4,0.2479,-0.4261,100.0,16.25,36.45,38.46,56.57,15.936388888888889
0.0,27.6,3.77,69.81,0.2479,-0.4261,100.0,34.5,15.11,38.91,40.78,15.936388888888889
0.0,27.6,0.55,49.11,0.2479,-0.4261,100.0,34.5,17.04,43.14,44.55,15.936388888888889
0.0,27.6,12.21,83.01,0.2479,-0.4261,100.0,16.25,20.58,30.63,38.05,15.936388888888889
0.0,27.6,82.7,17.3,0.2479,-0.4261,100.0,16.25,34.46,44.18,66.01,15.936388888888889
0.0,27.6,93.06,6.94,0.2479,-0.4261,100.0,34.5,19.01,46.7,65.56,15.936388888888889
0.0,27.6,100.0,0.0,0.2479,-0.4261,100.0,34.5,19.19,47.38,65.22,15.936388888888889
0.0,27.6,64.29,0.0,0.2479,-0.4261,100.0,34.5,19.24,52.04,67.25,15.936388888888889
0.0,27.6,0.0,72.22,0.2479,-0.4261,100.0,34.5,15.37,30.44,32.1,15.936388888888889
0.0,27.6,0.0,74.19,0.2479,-0.4261,100.0,34.5,15.34,29.88,30.43,15.936388888888889
0.0,27.6,3.08,69.23,0.2479,-0.4261,100.0,34.5,15.34,45.17,47.9,15.936388888888889
0.0,27.6,0.0,78.01,0.2479,-0.4261,100.0,34.5,15.24,43.44,45.98,15.936388888888889
0.0,27.6,61.31,22.14,0.2479,-0.4261,100.0,16.25,23.07,38.38,56.47,15.936388888888889
0.0,27.6,36.73,54.98,0.2479,-0.4261,100.0,34.5,12.31,47.95,57.36,15.936388888888889
0.0,27.6,16.67,0.0,0.2479,-0.4261,100.0,34.5,15.31,39.74,44.16,15.936388888888889
0.0,27.6,1.92,93.61,0.2479,-0.4261,100.0,34.5,15.23,35.86,37.54,15.936388888888889
0.0,27.6,32.77,67.23,0.2479,-0.4261,100.0,16.25,33.77,43.88,54.91,15.936388888888889
0.0,27.6,30.62,69.38,0.2479,-0.4261,100.0,16.25,33.04,43.27,54.17,15.936388888888889
0.0,27.6,13.53,86.47,0.2479,-0.4261,100.0,16.25,32.28,41.0,49.07,15.936388888888889
0.0,27.6,54.0,42.0,0.2479,-0.4261,100.0,16.25,25.08,40.5,55.77,15.936388888888889
0.0,27.6,61.8,38.2,0.2479,-0.4261,100.0,16.25,24.34,46.95,65.42,15.936388888888889
0.0,27.6,12.26,87.74,0.2479,-0.4261,100.0,16.25,31.38,34.36,43.13,15.936388888888889
0.0,27.6,0.0,53.85,0.2479,-0.4261,100.0,16.25,30.06,30.05,36.16,15.936388888888889
0.0,27.6,0.0,65.71,0.2479,-0.4261,100.0,16.25,29.94,35.01,39.54,15.936388888888889
0.0,27.6,60.23,36.55,0.2479,-0.4261,100.0,16.25,26.51,39.17,56.58,15.936388888888889
0.0,27.6,0.0,100.0,0.2479,-0.4261,100.0,16.25,30.46,39.27,45.21,15.936388888888889
0.0,27.6,33.01,16.31,0.2479,-0.4261,100.0,16.25,28.65,34.08,45.87,15.936388888888889
0.0,27.6,13.58,74.86,0.2479,-0.4261,100.0,34.5,14.26,37.8,42.87,15.936388888888889
0.0,27.6,0.0,67.24,0.2479,-0.4261,100.0,34.5,15.24,35.46,36.4,15.936388888888889
0.0,27.6,0.0,57.52,0.2479,-0.4261,100.0,34.5,15.26,31.29,32.86,15.936388888888889
0.0,27.6,48.24,44.49,0.2479,-0.4261,100.0,34.5,14.13,50.53,62.07,15.936388888888889
0.0,27.6,0.0,100.0,0.2479,-0.4261,100.0,34.5,15.3,42.43,44.36,15.936388888888889
0.0,27.6,0.0,100.0,0.2479,-0.4261,100.0,34.5,15.23,37.87,38.98,15.936388888888889
0.0,27.6,0.0,100.0,0.2479,-0.4261,100.0,34.5,15.25,33.59,35.37,15.936388888888889
0.0,27.6,0.0,58.33,0.2479,-0.4261,100.0,34.5,15.37,45.38,47.84,15.936388888888889
0.0,27.6,5.3,24.24,0.2479,-0.4261,100.0,34.5,13.22,38.63,42.1,15.936388888888889
0.0,27.6,75.0,0.0,0.2479,-0.4261,100.0,47.5,7.61,56.49,69.41,15.936388888888889
0.0,27.6,86.93,10.1,0.2479,-0.4261,100.0,47.5,9.75,48.87,62.94,15.936388888888889
0.0,27.6,0.0,0.0,0.2479,-0.4261,100.0,34.5,13.1,29.19,30.13,15.936388888888889
0.0,27.6,0.0,0.0,0.2479,-0.4261,100.0,34.5,13.11,37.19,39.21,15.936388888888889
0.0,27.6,0.0,0.0,0.2479,-0.4261,100.0,34.5,13.12,36.59,36.86,15.936388888888889
0.0,27.6,19.1,2.25,0.2479,-0.4261,100.0,34.5,13.33,43.74,48.37,15.936388888888889
0.0,27.6,0.0,30.0,0.2479,-0.4261,100.0,34.5,13.59,33.9,34.79,15.936388888888889
0.0,27.6,0.0,25.0,0.2479,-0.4261,100.0,34.5,13.64,31.48,33.05,15.936388888888889
0.0,27.6,12.6,9.45,0.2479,-0.4261,100.0,34.5,13.99,43.49,48.06,15.936388888888889
0.0,27.6,3.31,42.15,0.2479,-0.4261,100.0,34.5,14.38,34.86,37.98,15.936388888888889
0.0,27.6,3.14,21.99,0.2479,-0.4261,100.0,34.5,15.03,30.8,31.86,15.936388888888889
0.0,27.6,0.0,73.93,0.2479,-0.4261,100.0,34.5,16.19,38.33,39.87,15.936388888888889
0.0,27.6,64.84,35.16,0.2479,-0.4261,100.0,34.5,12.47,43.45,58.8,15.936388888888889
0.0,27.6,31.26,52.88,0.2479,-0.4261,100.0,34.5,16.03,36.53,44.8,15.936388888888889
0.0,27.6,0.0,76.92,0.2479,-0.4261,100.0,34.5,17.71,42.92,44.16,15.936388888888889
0.0,27.6,10.53,71.05,0.2479,-0.4261,100.0,34.5,16.8,33.41,37.79,15.936388888888889
0.0,27.6,0.0,100.0,0.2479,-0.4261,100.0,34.5,16.82,36.11,36.66,15.936388888888889
0.0,27.6,0.0,14.29,0.2479,-0.4261,100.0,34.5,16.78,37.02,37.81,15.936388888888889
0.0,27.6,0.0,79.58,0.2479,-0.4261,100.0,34.5,17.26,42.22,43.1,15.936388888888889
0.0,27.6,90.2,0.0,0.2479,-0.4261,100.0,34.5,14.77,49.28,67.13,15.936388888888889
0.0,27.6,94.59,5.41,0.2479,-0.4261,100.0,34.5,15.05,54.34,71.71,15.936388888888889
0.0,27.6,17.35,81.8,0.2479,-0.4261,100.0,34.5,19.53,38.58,43.34,15.936388888888889
0.0,27.6,7.02,91.84,0.2479,-0.4261,100.0,34.5,19.49,43.77,46.26,15.936388888888889
0.0,27.6,0.0,50.0,0.2479,-0.4261,100.0,34.5,17.64,38.73,41.2,15.936388888888889
0.0,27.6,96.88,3.12,0.2479,-0.4261,100.0,34.5,19.02,47.9,65.8,15.936388888888889
0.0,27.6,71.75,27.7,0.2479,-0.4261,100.0,34.5,18.43,51.48,68.64,15.936388888888889
0.0,27.6,15.72,84.28,0.2479,-0.4261,100.0,34.5,15.06,38.54,43.19,15.936388888888889
0.0,27.6,19.18,80.82,0.2479,-0.4261,100.0,34.5,18.06,47.46,53.22,15.936388888888889
0.0,27.6,14.48,75.41,0.2479,-0.4261,100.0,47.5,8.5,47.89,50.55,15.936388888888889
0.0,27.6,23.17,76.83,0.2479,-0.4261,100.0,34.5,11.87,48.86,56.0,15.936388888888889
0.0,27.6,47.92,18.75,0.2479,-0.4261,100.0,47.5,6.6,41.21,49.56,15.936388888888889
0.0,27.6,4.89,78.44,0.2479,-0.4261,100.0,47.5,7.06,42.78,43.43,15.936388888888889
0.0,27.6,0.0,0.0,0.2479,-0.4261,100.0,47.5,8.11,42.33,40.1,15.936388888888889
0.0,27.6,0.0,0.0,0.2479,-0.4261,100.0,47.5,8.08,34.26,32.89,15.936388888888889
0.0,27.6,21.48,73.25,0.2479,-0.4261,100.0,34.5,12.68,47.77,53.95,15.936388888888889
0.0,27.6,16.97,75.88,0.2479,-0.4261,100.0,47.5,9.34,43.58,45.64,15.936388888888889
0.0,27.6,22.82,72.47,0.2479,-0.4261,100.0,47.5,9.32,52.22,56.88,15.936388888888889
0.0,27.6,21.43,54.2,0.2479,-0.4261,100.0,47.5,7.29,40.84,42.89,15.936388888888889
0.0,27.6,58.06,3.23,0.2479,-0.4261,100.0,47.5,6.51,44.94,55.61,15.936388888888889
0.0,27.6,33.33,6.06,0.2479,-0.4261,100.0,47.5,6.5,49.39,54.29,15.936388888888889
0.0,27.6,27.31,11.45,0.2479,-0.4261,100.0,47.5,5.98,39.36,44.79,15.936388888888889
0.0,27.6,10.07,35.14,0.2479,-0.4261,100.0,57.25,4.69,48.41,47.38,15.936388888888889
0.0,27.6,4.01,4.74,0.2479,-0.4261,100.0,57.25,4.27,36.72,34.45,15.936388888888889
0.0,27.6,0.0,1.27,0.2479,-0.4261,100.0,47.5,5.09,43.72,41.47,15.936388888888889
0.0,27.6,1.02,3.07,0.2479,-0.4261,100.0,47.5,5.61,33.65,32.51,15.936388888888889
0.0,27.6,0.0,0.0,0.2479,-0.4261,100.0,57.25,4.9,45.08,42.03,15.936388888888889
0.0,27.6,21.37,34.35,0.2479,-0.4261,100.0,34.5,10.97,48.15,54.51,15.936388888888889
0.0,27.6,72.0,14.0,0.2479,-0.4261,100.0,34.5,10.01,45.28,61.76,15.936388888888889
0.0,27.6,0.3,0.91,0.2479,-0.4261,100.0,47.5,7.24,35.03,33.88,15.936388888888889
0.0,27.6,2.82,11.69,0.2479,-0.4261,100.0,47.5,8.77,36.29,35.85,15.936388888888889
0.0,27.6,0.0,0.0,0.2479,-0.4261,100.0,47.5,5.32,44.76,44.8,15.936388888888889
0.0,27.6,0.0,0.0,0.2479,-0.4261,100.0,47.5,5.33,42.82,40.85,15.936388888888889
0.0,27.6,0.0,0.0,0.2479,-0.4261,100.0,47.5,5.68,43.1,40.94,15.936388888888889
0.0,27.6,0.0,0.0,0.2479,-0.4261,100.0,47.5,5.34,44.38,44.12,15.936388888888889
0.0,27.6,25.0,0.0,0.2479,-0.4261,100.0,47.5,9.41,48.27,52.05,15.936388888888889
0.0,27.6,53.25,13.11,0.2479,-0.4261,100.0,34.5,11.06,44.63,57.86,15.936388888888889
0.0,27.6,23.39,47.58,0.2479,-0.4261,100.0,47.5,8.13,41.78,44.94,15.936388888888889
0.0,27.6,0.0,41.89,0.2479,-0.4261,100.0,47.5,7.03,43.88,43.27,15.936388888888889
0.0,27.6,0.0,1.33,0.2479,-0.4261,100.0,47.5,6.3,38.03,36.47,15.936388888888889
0.0,27.6,0.0,0.0,0.2479,-0.4261,100.0,47.5,6.56,44.57,42.84,15.936388888888889
0.0,27.6,93.36,3.54,0.2479,-0.4261,100.0,47.5,6.77,46.86,61.28,15.936388888888889
0.0,27.6,22.22,0.0,0.2479,-0.4261,100.0,34.5,12.92,43.88,50.81,15.936388888888889
0.0,27.6,9.95,89.04,0.2479,-0.4261,100.0,34.5,19.54,42.94,45.36,15.936388888888889
0.0,27.6,41.5,51.19,0.2479,-0.4261,100.0,34.5,19.09,41.17,51.71,15.936388888888889
0.0,27.6,0.0,100.0,0.2479,-0.4261,100.0,16.25,20.15,33.02,39.26,15.936388888888889
0.0,27.6,12.6,84.96,0.2479,-0.4261,100.0,16.25,20.63,39.47,46.98,15.936388888888889
0.0,27.6,5.25,86.09,0.2479,-0.4261,100.0,16.25,21.11,36.42,42.89,15.936388888888889
0.0,27.6,3.98,87.53,0.2479,-0.4261,100.0,16.25,21.13,38.7,43.77,15.936388888888889
0.0,27.6,44.44,3.7,0.2479,-0.4261,100.0,16.25,20.59,42.43,55.77,15.936388888888889
0.0,27.6,29.79,68.09,0.2479,-0.4261,100.0,16.25,20.85,45.7,57.29,15.936388888888889
0.0,27.6,0.0,0.0,0.2479,-0.4261,100.0,16.25,21.03,24.27,28.23,15.936388888888889
0.0,27.6,0.0,0.0,0.2479,-0.4261,100.0,16.25,21.03,27.17,32.78,15.936388888888889
0.0,27.6,0.0,60.29,0.2479,-0.4261,100.0,16.25,21.15,39.59,44.64,15.936388888888889
0.0,27.6,0.0,0.0,0.2479,-0.4261,100.0,16.25,21.06,40.88,46.58,15.936388888888889
0.0,27.6,0.0,100.0,0.2479,-0.4261,100.0,16.25,23.52,26.03,30.02,15.936388888888889
0.0,27.6,0.0,100.0,0.2479,-0.4261,100.0,16.25,22.33,41.13,47.06,15.936388888888889
0.0,27.6,0.0,100.0,0.2479,-0.4261,100.0,16.25,23.57,34.44,40.66,15.936388888888889
0.0,27.6,8.39,91.23,0.2479,-0.4261,100.0,16.25,27.25,34.77,41.72,15.936388888888889
0.0,27.6,26.95,69.92,0.2479,-0.4261,100.0,16.25,30.51,34.96,44.29,15.936388888888889
0.0,27.6,11.05,88.56,0.2479,-0.4261,100.0,16.25,27.24,36.48,42.83,15.936388888888889
0.0,27.6,31.13,66.54,0.2479,-0.4261,100.0,16.25,30.51,31.48,42.27,15.936388888888889
0.0,27.6,38.59,24.48,0.2479,-0.4261,100.0,6.5,62.31,39.06,52.96,15.936388888888889
0.0,27.6,32.64,66.91,0.2479,-0.4261,100.0,6.5,58.12,41.36,54.04,15.936388888888889
0.0,27.6,21.28,73.52,0.2479,-0.4261,100.0,6.5,54.28,41.28,52.59,15.936388888888889
0.0,27.6,21.73,71.03,0.2479,-0.4261,100.0,6.5,51.25,29.24,41.15,15.936388888888889
0.0,27.6,40.93,51.9,0.2479,-0.4261,100.0,6.5,52.41,29.85,44.52,15.936388888888889
0.0,27.6,18.0,78.08,0.2479,-0.4261,100.0,6.5,56.2,35.83,46.12,15.936388888888889
0.0,27.6,19.76,44.84,0.2479,-0.4261,100.0,6.5,59.19,39.24,50.61,15.936388888888889
0.0,27.6,1.61,48.62,0.2479,-0.4261,100.0,6.5,62.22,38.35,46.73,15.936388888888889
0.0,27.6,13.63,75.38,0.2479,-0.4261,100.0,6.5,65.73,35.28,44.47,15.936388888888889
0.0,27.6,43.26,48.48,0.2479,-0.4261,100.0,6.5,68.64,40.09,56.5,15.936388888888889
0.0,27.6,24.95,61.67,0.2479,-0.4261,100.0,6.5,67.18,33.98,45.0,15.936388888888889
0.0,27.6,21.84,74.95,0.2479,-0.4261,100.0,6.5,66.96,32.14,44.26,15.936388888888889
0.0,27.6,27.36,66.92,0.2479,-0.4261,100.0,6.5,70.66,40.55,54.09,15.936388888888889
0.0,27.6,27.06,42.25,0.2479,-0.4261,100.0,6.5,72.01,29.67,41.37,15.936388888888889
0.0,27.6,7.48,67.73,0.2479,-0.4261,100.0,6.5,70.01,38.02,47.45,15.936388888888889
0.0,27.6,18.5,59.93,0.2479,-0.4261,100.0,6.5,69.97,42.5,54.09,15.936388888888889
0.0,27.6,0.0,41.9,0.2479,-0.4261,100.0,6.5,70.99,34.92,41.71,15.936388888888889
0.0,27.6,0.0,0.0,0.2479,-0.4261,100.0,6.5,64.58,35.84,41.94,15.936388888888889
0.0,27.6,46.38,39.75,0.2479,-0.4261,100.0,6.5,94.71,43.66,60.88,15.936388888888889
0.0,27.6,44.2,46.06,0.2479,-0.4261,100.0,6.5,92.57,44.59,61.08,15.936388888888889
0.0,27.6,50.36,32.6,0.2479,-0.4261,100.0,6.5,88.82,44.98,61.55,15.936388888888889
0.0,27.6,59.1,14.56,0.2479,-0.4261,100.0,6.5,85.09,45.51,63.38,15.936388888888889
0.0,27.6,74.12,21.09,0.2479,-0.4261,100.0,6.5,81.16,37.74,59.83,15.936388888888889
0.0,27.6,40.2,31.51,0.2479,-0.4261,100.0,6.5,76.49,40.15,56.25,15.936388888888889
0.0,27.6,5.08,27.34,0.2479,-0.4261,100.0,6.5,71.73,29.14,38.42,15.936388888888889
0.0,27.6,23.27,32.29,0.2479,-0.4261,100.0,6.5,67.14,43.07,55.5,15.936388888888889
0.0,27.6,6.06,66.67,0.2479,-0.4261,100.0,6.5,64.81,31.01,40.2,15.936388888888889
0.0,27.6,58.59,38.37,0.2479,-0.4261,100.0,6.5,87.97,41.9,60.39,15.936388888888889
0.0,27.6,54.51,29.35,0.2479,-0.4261,100.0,6.5,85.18,39.81,58.86,15.936388888888889
0.0,27.6,45.21,19.59,0.2479,-0.4261,100.0,6.5,81.56,33.58,49.78,15.936388888888889
0.0,27.6,38.0,61.89,0.2479,-0.4261,100.0,6.5,79.93,43.27,57.54,15.936388888888889
0.0,27.6,25.03,68.19,0.2479,-0.4261,100.0,6.5,78.78,30.78,42.7,15.936388888888889
0.0,27.6,28.34,67.84,0.2479,-0.4261,100.0,6.5,76.54,43.46,57.0,15.936388888888889
0.0,27.6,41.6,58.0,0.2479,-0.4261,100.0,6.5,73.57,38.13,52.86,15.936388888888889
0.0,27.6,34.03,65.97,0.2479,-0.4261,100.0,6.5,70.06,39.36,52.77,15.936388888888889
0.0,27.6,66.87,30.83,0.2479,-0.4261,100.0,6.5,66.53,38.43,58.45,15.936388888888889
0.0,27.6,60.74,39.26,0.2479,-0.4261,100.0,6.5,63.32,39.16,59.46,15.936388888888889
0.0,27.6,46.28,53.72,0.2479,-0.4261,100.0,6.5,62.35,42.55,59.93,15.936388888888889
0.0,27.6,15.46,84.54,0.2479,-0.4261,100.0,6.5,61.81,26.77,35.88,15.936388888888889
0.0,27.6,32.4,67.6,0.2479,-0.4261,100.0,6.5,60.24,43.79,57.67,15.936388888888889
0.0,27.6,30.05,69.95,0.2479,-0.4261,100.0,6.5,60.0,42.62,56.26,15.936388888888889
0.0,27.6,60.51,39.49,0.2479,-0.4261,100.0,6.5,61.53,43.59,62.94,15.936388888888889
0.0,27.6,52.88,46.07,0.2479,-0.4261,100.0,6.5,62.65,42.45,59.82,15.936388888888889
0.0,27.6,0.0,100.0,0.2479,-0.4261,100.0,6.5,63.6,28.77,34.67,15.936388888888889
0.0,27.6,,,0.2479,-0.4261,100.0,6.5,64.81,40.24,55.94,15.936388888888889
0.0,27.6,,,0.2479,-0.4261,100.0,6.5,66.33,41.42,55.52,15.936388888888889
0.0,27.6,,,0.2479,-0.4261,100.0,6.5,68.19,39.05,55.4,15.936388888888889
0.0,27.6,,,0.2479,-0.4261,100.0,6.5,70.34,43.9,58.92,15.936388888888889
0.0,27.6,,,0.2479,-0.4261,100.0,6.5,72.09,36.0,50.83,15.936388888888889
0.0,27.6,,,0.2479,-0.4261,100.0,6.5,71.55,40.1,56.25,15.936388888888889
0.0,27.6,,,0.2479,-0.4261,100.0,6.5,70.97,35.14,51.2,15.936388888888889
0.0,27.6,53.28,43.34,0.2479,-0.4261,100.0,6.5,87.92,33.52,51.59,15.936388888888889
0.0,27.6,46.86,38.89,0.2479,-0.4261,100.0,6.5,85.11,43.44,58.83,15.936388888888889
0.0,27.6,33.83,19.5,0.2479,-0.4261,100.0,6.5,81.49,42.21,55.88,15.936388888888889
0.0,27.6,30.07,69.61,0.2479,-0.4261,100.0,6.5,79.88,31.97,44.03,15.936388888888889
0.0,27.6,55.39,38.49,0.2479,-0.4261,100.0,6.5,78.74,45.71,63.24,15.936388888888889
0.0,27.6,27.09,71.35,0.2479,-0.4261,100.0,6.5,76.49,28.78,41.4,15.936388888888889
0.0,27.6,51.4,47.8,0.2479,-0.4261,100.0,6.5,73.51,39.08,55.85,15.936388888888889
0.0,27.6,11.29,88.71,0.2479,-0.4261,100.0,6.5,70.01,33.32,43.85,15.936388888888889
0.0,27.6,73.45,25.45,0.2479,-0.4261,100.0,6.5,66.46,38.75,61.68,15.936388888888889
0.0,27.6,47.7,52.3,0.2479,-0.4261,100.0,6.5,63.26,31.14,47.04,15.936388888888889
0.0,27.6,56.0,44.0,0.2479,-0.4261,100.0,6.5,62.3,42.94,60.61,15.936388888888889
0.0,27.6,12.14,87.86,0.2479,-0.4261,100.0,6.5,61.76,41.14,51.31,15.936388888888889
0.0,27.6,21.61,78.39,0.2479,-0.4261,100.0,6.5,60.19,34.4,45.75,15.936388888888889
0.0,27.6,6.66,93.34,0.2479,-0.4261,100.0,6.5,59.71,34.37,42.5,15.936388888888889
0.0,27.6,40.47,59.53,0.2479,-0.4261,100.0,6.5,60.4,32.21,46.54,15.936388888888889
0.0,27.6,61.84,38.16,0.2479,-0.4261,100.0,6.5,62.27,42.41,61.75,15.936388888888889
0.0,27.6,2.43,97.57,0.2479,-0.4261,100.0,6.5,63.56,25.03,32.78,15.936388888888889
0.0,27.6,,,0.2479,-0.4261,100.0,6.5,64.77,33.55,49.03,15.936388888888889
0.0,27.6,,,0.2479,-0.4261,100.0,6.5,66.3,44.96,60.31,15.936388888888889
0.0,27.6,,,0.2479,-0.4261,100.0,6.5,68.16,35.08,49.86,15.936388888888889
0.0,27.6,,,0.2479,-0.4261,100.0,6.5,70.32,33.59,47.83,15.936388888888889
0.0,27.6,,,0.2479,-0.4261,100.0,6.5,72.04,31.07,46.35,15.936388888888889
0.0,27.6,,,0.2479,-0.4261,100.0,6.5,71.49,35.43,51.23,15.936388888888889
0.0,27.6,,,0.2479,-0.4261,100.0,6.5,70.93,44.03,59.85,15.936388888888889
0.0,27.6,27.79,61.53,0.2479,-0.4261,100.0,6.5,52.32,28.97,41.04,15.936388888888889
0.0,27.6,27.37,55.47,0.2479,-0.4261,100.0,6.5,56.24,40.83,52.64,15.936388888888889
0.0,27.6,38.54,44.92,0.2479,-0.4261,100.0,6.5,59.88,46.31,62.16,15.936388888888889
0.0,27.6,4.21,29.61,0.2479,-0.4261,100.0,6.5,61.63,27.48,36.45,15.936388888888889
0.0,27.6,20.99,64.98,0.2479,-0.4261,100.0,6.5,64.69,37.72,48.79,15.936388888888889
0.0,27.6,18.36,63.72,0.2479,-0.4261,100.0,6.5,68.0,33.26,44.91,15.936388888888889
0.0,27.6,42.49,37.84,0.2479,-0.4261,100.0,6.5,67.94,30.69,45.54,15.936388888888889
0.0,27.6,40.22,58.21,0.2479,-0.4261,100.0,6.5,66.57,41.41,57.09,15.936388888888889
0.0,27.6,11.76,80.18,0.2479,-0.4261,100.0,6.5,69.37,41.51,51.83,15.936388888888889
0.0,27.6,45.9,46.22,0.2479,-0.4261,100.0,6.5,72.46,40.17,55.47,15.936388888888889
0.0,27.6,19.38,80.62,0.2479,-0.4261,100.0,6.5,71.46,38.76,50.57,15.936388888888889
0.0,27.6,1.31,86.24,0.2479,-0.4261,100.0,6.5,70.73,35.26,43.11,15.936388888888889
0.0,27.6,36.44,59.48,0.2479,-0.4261,100.0,6.5,72.29,40.29,55.6,15.936388888888889
0.0,27.6,72.85,23.18,0.2479,-0.4261,100.0,6.5,76.3,49.45,72.24,15.936388888888889
0.0,27.6,47.33,52.67,0.2479,-0.4261,100.0,6.5,80.81,39.91,57.75,15.936388888888889
0.0,27.6,33.23,63.75,0.2479,-0.4261,100.0,6.5,85.46,35.23,50.13,15.936388888888889
0.0,27.6,64.93,30.9,0.2479,-0.4261,100.0,6.5,90.07,48.83,69.87,15.936388888888889
0.0,27.6,35.28,54.99,0.2479,-0.4261,100.0,6.5,93.47,40.18,55.5,15.936388888888889
0.0,27.6,,,0.2479,-0.4261,100.0,6.5,96.49,33.92,48.86,15.936388888888889
0.0,27.6,,,0.2479,-0.4261,100.0,6.5,98.88,32.43,47.14,15.936388888888889
0.0,27.6,,,0.2479,-0.4261,100.0,6.5,101.78,33.04,48.46,15.936388888888889
0.0,27.6,,,0.2479,-0.4261,100.0,6.5,104.71,45.5,61.11,15.936388888888889
0.0,27.6,,,0.2479,-0.4261,100.0,6.5,106.36,44.57,59.72,15.936388888888889
0.0,27.6,52.15,29.55,0.2479,-0.4261,100.0,6.5,73.5,43.13,59.83,15.936388888888889
0.0,27.6,62.89,34.88,0.2479,-0.4261,100.0,6.5,76.9,46.56,65.49,15.936388888888889
0.0,27.6,0.0,0.0,0.2479,-0.4261,100.0,6.5,71.36,31.66,39.84,15.936388888888889
0.0,27.6,49.84,48.26,0.2479,-0.4261,100.0,6.5,87.92,39.54,57.5,15.936388888888889
0.0,27.6,31.97,56.05,0.2479,-0.4261,100.0,6.5,85.06,40.36,54.55,15.936388888888889
0.0,27.6,30.68,31.33,0.2479,-0.4261,100.0,6.5,81.33,39.45,53.34,15.936388888888889
0.0,27.6,28.53,71.47,0.2479,-0.4261,100.0,6.5,80.51,29.97,42.62,15.936388888888889
0.0,27.6,18.41,81.59,0.2479,-0.4261,100.0,6.5,84.63,41.3,52.28,15.936388888888889
0.0,27.6,22.76,54.87,0.2479,-0.4261,100.0,6.5,89.08,39.92,52.71,15.936388888888889
0.0,27.6,32.47,67.53,0.2479,-0.4261,100.0,6.5,92.69,34.13,48.08,15.936388888888889
0.0,27.6,68.61,28.7,0.2479,-0.4261,100.0,6.5,94.42,49.18,70.09,15.936388888888889
0.0,27.6,59.11,40.79,0.2479,-0.4261,100.0,16.25,40.85,47.23,65.32,15.936388888888889
0.0,27.6,45.83,53.43,0.2479,-0.4261,100.0,16.25,43.93,45.87,59.44,15.936388888888889
0.0,27.6,68.63,31.06,0.2479,-0.4261,100.0,16.25,40.84,53.7,73.85,15.936388888888889
0.0,27.6,47.48,52.04,0.2479,-0.4261,100.0,16.25,43.95,43.2,56.87,15.936388888888889
0.0,27.6,3.53,65.98,0.2479,-0.4261,100.0,16.25,48.58,34.15,40.95,15.936388888888889
0.0,27.6,36.54,56.81,0.2479,-0.4261,100.0,16.25,46.05,35.89,47.54,15.936388888888889
0.0,27.6,10.74,78.15,0.2479,-0.4261,100.0,16.25,47.57,39.5,45.76,15.936388888888889
0.0,27.6,15.04,84.96,0.2479,-0.4261,100.0,16.25,45.39,39.85,46.79,15.936388888888889
0.0,27.6,21.48,14.77,0.2479,-0.4261,100.0,16.25,49.75,36.84,45.54,15.936388888888889
0.0,27.6,25.0,56.25,0.2479,-0.4261,100.0,6.5,50.16,34.99,46.4,15.936388888888889
0.0,27.6,0.0,73.33,0.2479,-0.4261,100.0,6.5,50.17,32.63,39.31,15.936388888888889
0.0,27.6,18.66,56.83,0.2479,-0.4261,100.0,6.5,52.09,39.53,49.66,15.936388888888889
0.0,27.6,18.6,79.31,0.2479,-0.4261,100.0,16.25,49.84,37.19,46.97,15.936388888888889
0.0,27.6,31.58,53.68,0.2479,-0.4261,100.0,16.25,49.96,33.04,44.45,15.936388888888889
0.0,27.6,6.77,39.96,0.2479,-0.4261,100.0,6.5,55.7,34.01,42.39,15.936388888888889
0.0,27.6,22.59,46.25,0.2479,-0.4261,100.0,6.5,52.72,34.81,45.54,15.936388888888889
0.0,27.6,15.93,80.19,0.2479,-0.4261,100.0,6.5,50.04,32.3,42.67,15.936388888888889
0.0,27.6,4.63,92.17,0.2479,-0.4261,100.0,16.25,49.89,36.66,42.97,15.936388888888889
0.0,27.6,10.81,37.84,0.2479,-0.4261,100.0,6.5,50.02,31.58,40.46,15.936388888888889
0.0,27.6,50.63,25.32,0.2479,-0.4261,100.0,6.5,50.11,38.83,56.74,15.936388888888889
0.0,27.6,56.76,37.84,0.2479,-0.4261,100.0,6.5,50.09,40.31,59.78,15.936388888888889
0.0,27.6,21.09,78.91,0.2479,-0.4261,100.0,6.5,50.39,29.78,41.16,15.936388888888889
0.0,27.6,24.5,62.1,0.2479,-0.4261,100.0,6.5,88.07,38.38,50.6,15.936388888888889
0.0,27.6,10.35,71.72,0.2479,-0.4261,100.0,6.5,84.36,30.62,40.43,15.936388888888889
0.0,27.6,32.89,67.11,0.2479,-0.4261,100.0,6.5,80.04,36.53,50.58,15.936388888888889
0.0,27.6,28.38,71.62,0.2479,-0.4261,100.0,6.5,76.44,30.55,43.69,15.936388888888889
0.0,27.6,49.31,50.69,0.2479,-0.4261,100.0,6.5,73.01,37.26,54.74,15.936388888888889
0.0,27.6,11.47,88.53,0.2479,-0.4261,100.0,6.5,68.32,40.29,49.96,15.936388888888889
0.0,27.6,13.05,86.95,0.2479,-0.4261,100.0,6.5,63.42,32.15,41.38,15.936388888888889
0.0,27.6,26.24,73.35,0.2479,-0.4261,100.0,6.5,58.57,38.24,51.11,15.936388888888889
0.0,27.6,19.81,80.09,0.2479,-0.4261,100.0,6.5,54.65,32.42,42.35,15.936388888888889
0.0,27.6,54.81,45.19,0.2479,-0.4261,100.0,6.5,51.75,45.05,62.18,15.936388888888889
0.0,27.6,19.23,67.14,0.2479,-0.4261,100.0,6.5,88.1,39.03,50.02,15.936388888888889
0.0,27.6,7.92,73.11,0.2479,-0.4261,100.0,6.5,84.41,39.93,49.01,15.936388888888889
0.0,27.6,29.75,70.25,0.2479,-0.4261,100.0,6.5,80.09,36.82,49.81,15.936388888888889
0.0,27.6,23.19,76.81,0.2479,-0.4261,100.0,6.5,76.48,28.5,39.37,15.936388888888889
0.0,27.6,59.22,40.78,0.2479,-0.4261,100.0,6.5,73.06,34.84,53.52,15.936388888888889
0.0,27.6,18.16,81.84,0.2479,-0.4261,100.0,6.5,68.38,25.77,35.73,15.936388888888889
0.0,27.6,5.43,94.57,0.2479,-0.4261,100.0,6.5,63.49,34.32,42.37,15.936388888888889
0.0,27.6,25.39,74.1,0.2479,-0.4261,100.0,6.5,58.63,41.41,53.27,15.936388888888889
0.0,27.6,27.56,72.44,0.2479,-0.4261,100.0,6.5,54.69,41.84,55.01,15.936388888888889
0.0,27.6,40.99,59.01,0.2479,-0.4261,100.0,6.5,51.75,41.71,56.49,15.936388888888889
0.0,27.6,24.32,54.05,0.2479,-0.4261,100.0,6.5,53.5,30.88,43.6,15.936388888888889
0.0,27.6,7.92,37.26,0.2479,-0.4261,100.0,6.5,55.7,30.81,38.97,15.936388888888889
0.0,27.6,16.39,36.07,0.2479,-0.4261,100.0,6.5,53.99,33.52,42.98,15.936388888888889
0.0,27.6,44.52,36.3,0.2479,-0.4261,100.0,6.5,58.92,47.2,64.2,15.936388888888889
0.0,27.6,8.9,32.44,0.2479,-0.4261,100.0,6.5,63.49,35.34,43.89,15.936388888888889
0.0,27.6,29.99,64.82,0.2479,-0.4261,100.0,6.5,67.43,44.48,58.62,15.936388888888889
0.0,27.6,48.11,49.42,0.2479,-0.4261,100.0,6.5,70.76,37.35,53.6,15.936388888888889
0.0,27.6,0.0,83.33,0.2479,-0.4261,100.0,6.5,56.61,34.17,42.24,15.936388888888889
0.0,27.6,52.18,47.11,0.2479,-0.4261,100.0,6.5,98.35,37.42,53.96,15.936388888888889
0.0,27.6,37.94,57.94,0.2479,-0.4261,100.0,6.5,95.24,33.13,48.78,15.936388888888889
0.0,27.6,45.4,53.39,0.2479,-0.4261,100.0,6.5,91.57,43.22,58.33,15.936388888888889
0.0,27.6,57.39,36.96,0.2479,-0.4261,100.0,6.5,88.15,34.61,52.56,15.936388888888889
0.0,27.6,65.8,32.58,0.2479,-0.4261,100.0,6.5,86.19,45.85,66.01,15.936388888888889
0.0,27.6,68.81,31.19,0.2479,-0.4261,100.0,6.5,83.44,34.79,55.1,15.936388888888889
0.0,27.6,34.63,64.48,0.2479,-0.4261,100.0,6.5,79.84,42.19,55.52,15.936388888888889
0.0,27.6,72.74,25.38,0.2479,-0.4261,100.0,6.5,79.86,47.98,68.68,15.936388888888889
0.0,27.6,78.92,18.11,0.2479,-0.4261,100.0,6.5,81.23,38.76,62.44,15.936388888888889
0.0,27.6,76.16,23.3,0.2479,-0.4261,100.0,6.5,80.57,50.35,72.63,15.936388888888889
0.0,27.6,29.17,70.09,0.2479,-0.4261,100.0,6.5,79.78,40.38,54.35,15.936388888888889
0.0,27.6,41.47,37.07,0.2479,-0.4261,100.0,6.5,77.75,38.64,53.81,15.936388888888889
0.0,27.6,44.78,47.47,0.2479,-0.4261,100.0,6.5,74.29,37.47,54.42,15.936388888888889
0.0,27.6,82.3,12.33,0.2479,-0.4261,100.0,6.5,71.59,45.1,68.22,15.936388888888889
0.0,27.6,34.69,48.03,0.2479,-0.4261,100.0,6.5,67.76,34.15,48.05,15.936388888888889
0.0,27.6,25.73,45.53,0.2479,-0.4261,100.0,6.5,63.67,36.68,49.03,15.936388888888889
0.0,27.6,18.5,17.35,0.2479,-0.4261,100.0,6.5,59.33,30.15,40.89,15.936388888888889
0.0,27.6,3.5,33.57,0.2479,-0.4261,100.0,6.5,56.91,23.25,30.33,15.936388888888889
0.0,27.6,73.68,24.79,0.2479,-0.4261,100.0,6.5,98.35,47.84,69.09,15.936388888888889
0.0,27.6,37.57,60.48,0.2479,-0.4261,100.0,6.5,95.25,44.21,58.9,15.936388888888889
0.0,27.6,25.99,71.79,0.2479,-0.4261,100.0,6.5,91.59,31.89,43.96,15.936388888888889
0.0,27.6,47.45,48.65,0.2479,-0.4261,100.0,6.5,88.15,31.0,46.6,15.936388888888889
0.0,27.6,76.68,21.26,0.2479,-0.4261,100.0,6.5,86.19,45.71,69.27,15.936388888888889
0.0,27.6,75.36,24.2,0.2479,-0.4261,100.0,6.5,83.46,40.29,63.59,15.936388888888889
0.0,27.6,31.29,68.04,0.2479,-0.4261,100.0,6.5,79.84,36.19,50.62,15.936388888888889
0.0,27.6,75.95,21.78,0.2479,-0.4261,100.0,6.5,79.84,40.6,62.67,15.936388888888889
0.0,27.6,80.22,16.8,0.2479,-0.4261,100.0,6.5,81.22,48.75,72.24,15.936388888888889
0.0,27.6,74.33,25.46,0.2479,-0.4261,100.0,6.5,80.56,48.7,70.15,15.936388888888889
0.0,27.6,39.24,60.02,0.2479,-0.4261,100.0,6.5,79.78,37.56,52.14,15.936388888888889
0.0,27.6,43.53,35.64,0.2479,-0.4261,100.0,6.5,77.76,44.36,60.65,15.936388888888889
0.0,27.6,45.81,46.13,0.2479,-0.4261,100.0,6.5,74.3,43.59,58.94,15.936388888888889
0.0,27.6,81.39,11.44,0.2479,-0.4261,100.0,6.5,71.59,36.61,59.24,15.936388888888889
0.0,27.6,28.94,53.19,0.2479,-0.4261,100.0,6.5,67.77,31.34,44.82,15.936388888888889
0.0,27.6,26.94,45.79,0.2479,-0.4261,100.0,6.5,63.68,39.9,52.75,15.936388888888889
0.0,27.6,17.41,18.67,0.2479,-0.4261,100.0,6.5,59.34,33.93,44.96,15.936388888888889
0.0,27.6,8.28,40.0,0.2479,-0.4261,100.0,6.5,56.92,37.93,47.51,15.936388888888889
0.0,27.6,0.0,100.0,0.2479,-0.4261,100.0,6.5,56.62,39.47,47.39,15.936388888888889
0.0,27.6,100.0,0.0,0.2479,-0.4261,100.0,6.5,58.15,36.57,58.77,15.936388888888889
0.0,27.6,,,0.2479,-0.4261,100.0,16.25,41.57,45.18,58.55,15.936388888888889
0.0,27.6,89.74,0.0,0.2479,-0.4261,100.0,34.5,12.25,57.65,75.62,15.936388888888889
0.0,27.6,98.86,0.0,0.2479,-0.4261,100.0,34.5,12.0,45.08,62.2,15.936388888888889
0.0,27.6,100.0,0.0,0.2479,-0.4261,100.0,34.5,11.7,49.3,66.85,15.936388888888889
0.0,27.6,100.0,0.0,0.2479,-0.4261,100.0,34.5,11.44,50.09,66.69,15.936388888888889
0.0,27.6,91.76,8.24,0.2479,-0.4261,100.0,34.5,10.48,45.25,62.23,15.936388888888889
0.0,27.6,64.71,35.29,0.2479,-0.4261,100.0,47.5,9.99,53.6,65.63,15.936388888888889
0.0,27.6,12.39,6.19,0.2479,-0.4261,100.0,16.25,29.37,30.12,38.03,15.936388888888889
0.0,27.6,13.77,23.9,0.2479,-0.4261,100.0,16.25,30.63,35.43,42.1,15.936388888888889
0.0,27.6,0.0,0.0,0.2479,-0.4261,100.0,16.25,32.12,30.87,35.41,15.936388888888889
0.0,27.6,0.0,0.0,0.2479,-0.4261,100.0,16.25,32.15,27.41,31.37,15.936388888888889
0.0,27.6,22.21,13.69,0.2479,-0.4261,100.0,57.25,3.17,45.05,47.4,15.936388888888889
0.0,27.6,20.47,16.41,0.2479,-0.4261,100.0,57.25,4.95,40.25,40.42,15.936388888888889
0.0,27.6,57.58,42.42,0.2479,-0.4261,100.0,16.25,23.17,47.21,63.65,15.936388888888889
0.0,27.6,76.54,23.46,0.2479,-0.4261,100.0,16.25,22.76,44.29,65.87,15.936388888888889
0.0,27.6,59.85,39.42,0.2479,-0.4261,100.0,16.25,21.99,42.22,59.24,15.936388888888889
0.0,27.6,82.35,17.65,0.2479,-0.4261,100.0,16.25,21.39,41.03,61.9,15.936388888888889
0.0,27.6,91.86,8.14,0.2479,-0.4261,100.0,16.25,21.15,44.18,66.74,15.936388888888889
0.0,27.6,100.0,0.0,0.2479,-0.4261,100.0,16.25,20.7,44.27,65.72,15.936388888888889
0.0,27.6,92.54,7.46,0.2479,-0.4261,100.0,16.25,20.15,50.33,70.85,15.936388888888889
0.0,27.6,70.66,12.57,0.2479,-0.4261,100.0,57.25,4.94,51.66,63.41,15.936388888888889
0.0,27.6,75.68,24.32,0.2479,-0.4261,100.0,34.5,19.88,45.9,62.82,15.936388888888889
0.0,27.6,17.34,82.66,0.2479,-0.4261,100.0,6.5,58.67,38.48,49.19,15.936388888888889
0.0,27.6,,,0.2479,-0.4261,100.0,6.5,57.37,44.74,60.4,15.936388888888889
0.0,27.6,,,0.2479,-0.4261,100.0,6.5,55.85,35.21,49.32,15.936388888888889
0.0,27.6,,,0.2479,-0.4261,100.0,6.5,56.2,30.27,44.72,15.936388888888889
0.0,27.6,,,0.2479,-0.4261,100.0,6.5,56.33,34.66,50.8,15.936388888888889
0.0,27.6,,,0.2479,-0.4261,100.0,6.5,58.99,29.19,43.11,15.936388888888889
0.0,27.6,,,0.2479,-0.4261,100.0,6.5,70.88,29.57,43.78,15.936388888888889
0.0,27.6,,,0.2479,-0.4261,100.0,6.5,71.78,37.96,53.66,15.936388888888889
0.0,27.6,,,0.2479,-0.4261,100.0,6.5,72.81,41.24,55.56,15.936388888888889
0.0,27.6,,,0.2479,-0.4261,100.0,6.5,74.08,40.51,56.66,15.936388888888889
0.0,27.6,,,0.2479,-0.4261,100.0,6.5,75.45,35.01,48.92,15.936388888888889
0.0,27.6,,,0.2479,-0.4261,100.0,6.5,77.18,43.76,58.51,15.936388888888889
0.0,27.6,,,0.2479,-0.4261,100.0,6.5,80.45,39.88,54.66,15.936388888888889
0.0,27.6,,,0.2479,-0.4261,100.0,6.5,84.54,46.64,62.82,15.936388888888889
0.0,27.6,,,0.2479,-0.4261,100.0,6.5,88.85,34.69,48.86,15.936388888888889
0.0,27.6,,,0.2479,-0.4261,100.0,6.5,93.48,45.07,61.41,15.936388888888889
0.0,27.6,,,0.2479,-0.4261,100.0,6.5,97.89,45.88,61.69,15.936388888888889
0.0,27.6,,,0.2479,-0.4261,100.0,6.5,102.52,38.67,54.72,15.936388888888889
0.0,27.6,,,0.2479,-0.4261,100.0,6.5,105.4,33.41,47.88,15.936388888888889
0.0,27.6,0.0,100.0,0.2479,-0.4261,100.0,6.5,77.48,28.81,36.6,15.936388888888889
0.0,27.6,,,0.2479,-0.4261,100.0,6.5,254.86,32.74,46.88,15.936388888888889
0.0,27.6,,,0.2479,-0.4261,100.0,6.5,250.87,38.18,52.95,15.936388888888889
0.0,27.6,,,0.2479,-0.4261,100.0,6.5,246.65,46.91,63.23,15.936388888888889
0.0,27.6,,,0.2479,-0.4261,100.0,6.5,241.83,37.27,53.67,15.936388888888889
0.0,27.6,,,0.2479,-0.4261,100.0,6.5,236.96,44.12,60.4,15.936388888888889
0.0,27.6,,,0.2479,-0.4261,100.0,6.5,232.13,44.06,58.95,15.936388888888889
0.0,27.6,,,0.2479,-0.4261,100.0,6.5,227.34,31.83,46.24,15.936388888888889
0.0,27.6,,,0.2479,-0.4261,100.0,6.5,222.73,44.23,60.04,15.936388888888889
0.0,27.6,,,0.2479,-0.4261,100.0,6.5,218.59,38.26,52.55,15.936388888888889
0.0,27.6,,,0.2479,-0.4261,100.0,6.5,214.64,33.68,49.95,15.936388888888889
0.0,27.6,,,0.2479,-0.4261,100.0,6.5,210.4,40.37,54.78,15.936388888888889
0.0,27.6,,,0.2479,-0.4261,100.0,6.5,206.32,42.45,56.54,15.936388888888889
0.0,27.6,,,0.2479,-0.4261,100.0,6.5,203.12,43.23,57.71,15.936388888888889
0.0,27.6,,,0.2479,-0.4261,100.0,6.5,200.22,37.14,51.8,15.936388888888889
0.0,27.6,,,0.2479,-0.4261,100.0,6.5,196.79,41.65,55.97,15.936388888888889
0.0,27.6,,,0.2479,-0.4261,100.0,6.5,192.59,36.26,52.57,15.936388888888889
0.0,27.6,,,0.2479,-0.4261,100.0,6.5,188.42,42.96,58.86,15.936388888888889
0.0,27.6,,,0.2479,-0.4261,100.0,6.5,184.8,44.38,60.48,15.936388888888889
0.0,27.6,,,0.2479,-0.4261,100.0,6.5,181.17,35.82,50.97,15.936388888888889
0.0,27.6,,,0.2479,-0.4261,100.0,6.5,177.83,30.86,45.41,15.936388888888889
0.0,27.6,,,0.2479,-0.4261,100.0,6.5,175.91,35.4,50.23,15.936388888888889
0.0,27.6,,,0.2479,-0.4261,100.0,6.5,173.48,36.58,50.87,15.936388888888889
0.0,27.6,,,0.2479,-0.4261,100.0,6.5,169.1,45.06,61.09,15.936388888888889
0.0,27.6,,,0.2479,-0.4261,100.0,6.5,164.25,32.17,46.74,15.936388888888889
0.0,27.6,,,0.2479,-0.4261,100.0,6.5,159.5,42.17,58.09,15.936388888888889
0.0,27.6,,,0.2479,-0.4261,100.0,6.5,155.23,40.32,56.05,15.936388888888889
0.0,27.6,,,0.2479,-0.4261,100.0,6.5,151.97,43.54,58.17,15.936388888888889
0.0,27.6,,,0.2479,-0.4261,100.0,6.5,148.48,34.27,48.23,15.936388888888889
0.0,27.6,,,0.2479,-0.4261,100.0,6.5,144.64,44.03,58.91,15.936388888888889
0.0,27.6,,,0.2479,-0.4261,100.0,6.5,141.49,46.82,63.09,15.936388888888889
0.0,27.6,,,0.2479,-0.4261,100.0,6.5,138.16,35.88,50.75,15.936388888888889
0.0,27.6,,,0.2479,-0.4261,100.0,6.5,134.46,46.46,62.77,15.936388888888889
0.0,27.6,,,0.2479,-0.4261,100.0,6.5,131.14,39.96,54.16,15.936388888888889
0.0,27.6,82.72,17.28,0.2479,-0.4261,100.0,6.5,127.21,50.42,73.18,15.936388888888889
0.0,27.6,92.84,7.16,0.2479,-0.4261,100.0,6.5,122.91,46.43,70.53,15.936388888888889
0.0,27.6,13.51,86.28,0.2479,-0.4261,100.0,6.5,120.62,34.79,45.59,15.936388888888889
0.0,27.6,80.46,17.44,0.2479,-0.4261,100.0,6.5,119.37,46.59,70.66,15.936388888888889
0.0,27.6,4.67,95.33,0.2479,-0.4261,100.0,6.5,117.22,36.12,42.9,15.936388888888889
0.0,27.6,82.05,17.55,0.2479,-0.4261,100.0,6.5,114.43,45.0,68.39,15.936388888888889
0.0,27.6,86.48,13.52,0.2479,-0.4261,100.0,6.5,110.83,47.75,70.33,15.936388888888889
0.0,27.6,32.11,67.89,0.2479,-0.4261,100.0,6.5,106.45,34.84,48.06,15.936388888888889
0.0,27.6,83.59,16.41,0.2479,-0.4261,100.0,6.5,101.93,50.48,73.58,15.936388888888889
0.0,27.6,29.27,70.73,0.2479,-0.4261,100.0,6.5,98.29,44.52,58.39,15.936388888888889
0.0,27.6,2.53,97.27,0.2479,-0.4261,100.0,6.5,95.9,25.09,31.52,15.936388888888889
0.0,27.6,40.76,48.48,0.2479,-0.4261,100.0,6.5,92.68,36.55,52.36,15.936388888888889
0.0,27.6,22.3,77.39,0.2479,-0.4261,100.0,6.5,89.28,39.07,50.45,15.936388888888889
0.0,27.6,0.0,99.25,0.2479,-0.4261,100.0,6.5,86.91,24.22,30.75,15.936388888888889
0.0,27.6,,,0.2479,-0.4261,100.0,6.5,84.87,32.8,47.59,15.936388888888889
0.0,27.6,,,0.2479,-0.4261,100.0,6.5,83.21,42.39,56.45,15.936388888888889
0.0,27.6,,,0.2479,-0.4261,100.0,6.5,81.47,39.47,55.51,15.936388888888889
0.0,27.6,,,0.2479,-0.4261,100.0,6.5,79.39,36.84,51.98,15.936388888888889
0.0,27.6,,,0.2479,-0.4261,100.0,6.5,77.37,32.36,47.76,15.936388888888889
0.0,27.6,,,0.2479,-0.4261,100.0,6.5,75.64,42.22,57.44,15.936388888888889
0.0,27.6,,,0.2479,-0.4261,100.0,6.5,74.21,46.49,62.61,15.936388888888889
0.0,27.6,,,0.2479,-0.4261,100.0,6.5,73.02,36.21,52.29,15.936388888888889
0.0,27.6,,,0.2479,-0.4261,100.0,6.5,72.05,32.57,48.29,15.936388888888889
0.0,27.6,,,0.2479,-0.4261,100.0,6.5,71.19,36.4,52.05,15.936388888888889
0.0,27.6,,,0.2479,-0.4261,100.0,6.5,70.88,36.41,51.75,15.936388888888889
0.0,27.6,,,0.2479,-0.4261,100.0,6.5,254.88,40.08,54.96,15.936388888888889
0.0,27.6,,,0.2479,-0.4261,100.0,6.5,250.9,43.71,58.53,15.936388888888889
0.0,27.6,,,0.2479,-0.4261,100.0,6.5,246.69,41.91,57.29,15.936388888888889
0.0,27.6,,,0.2479,-0.4261,100.0,6.5,241.86,35.88,51.27,15.936388888888889
0.0,27.6,,,0.2479,-0.4261,100.0,6.5,237.0,37.46,53.33,15.936388888888889
0.0,27.6,,,0.2479,-0.4261,100.0,6.5,232.17,38.31,53.25,15.936388888888889
0.0,27.6,,,0.2479,-0.4261,100.0,6.5,227.38,34.05,49.66,15.936388888888889
0.0,27.6,,,0.2479,-0.4261,100.0,6.5,222.77,46.91,63.23,15.936388888888889
0.0,27.6,,,0.2479,-0.4261,100.0,6.5,218.62,41.25,56.61,15.936388888888889
0.0,27.6,,,0.2479,-0.4261,100.0,6.5,214.68,43.05,58.28,15.936388888888889
0.0,27.6,,,0.2479,-0.4261,100.0,6.5,210.44,37.42,53.27,15.936388888888889
0.0,27.6,,,0.2479,-0.4261,100.0,6.5,206.35,31.52,46.5,15.936388888888889
0.0,27.6,,,0.2479,-0.4261,100.0,6.5,203.13,33.01,48.01,15.936388888888889
0.0,27.6,,,0.2479,-0.4261,100.0,6.5,200.23,36.7,51.36,15.936388888888889
0.0,27.6,,,0.2479,-0.4261,100.0,6.5,196.82,34.68,49.47,15.936388888888889
0.0,27.6,,,0.2479,-0.4261,100.0,6.5,192.62,40.08,54.86,15.936388888888889
0.0,27.6,,,0.2479,-0.4261,100.0,6.5,188.46,43.63,59.25,15.936388888888889
0.0,27.6,,,0.2479,-0.4261,100.0,6.5,184.84,31.48,45.93,15.936388888888889
0.0,27.6,,,0.2479,-0.4261,100.0,6.5,181.21,36.22,51.26,15.936388888888889
0.0,27.6,,,0.2479,-0.4261,100.0,6.5,177.88,42.22,57.56,15.936388888888889
0.0,27.6,,,0.2479,-0.4261,100.0,6.5,175.96,38.33,53.18,15.936388888888889
0.0,27.6,,,0.2479,-0.4261,100.0,6.5,173.51,45.29,60.8,15.936388888888889
0.0,27.6,,,0.2479,-0.4261,100.0,6.5,169.13,44.52,59.65,15.936388888888889
0.0,27.6,,,0.2479,-0.4261,100.0,6.5,164.29,39.65,54.22,15.936388888888889
0.0,27.6,,,0.2479,-0.4261,100.0,6.5,159.53,40.78,54.98,15.936388888888889
0.0,27.6,,,0.2479,-0.4261,100.0,6.5,155.27,42.48,56.59,15.936388888888889
0.0,27.6,,,0.2479,-0.4261,100.0,6.5,152.01,34.57,49.72,15.936388888888889
0.0,27.6,,,0.2479,-0.4261,100.0,6.5,148.52,44.49,59.6,15.936388888888889
0.0,27.6,,,0.2479,-0.4261,100.0,6.5,144.69,37.26,51.67,15.936388888888889
0.0,27.6,,,0.2479,-0.4261,100.0,6.5,141.53,40.52,56.14,15.936388888888889
0.0,27.6,,,0.2479,-0.4261,100.0,6.5,138.2,42.9,57.22,15.936388888888889
0.0,27.6,,,0.2479,-0.4261,100.0,6.5,134.51,39.2,54.38,15.936388888888889
0.0,27.6,,,0.2479,-0.4261,100.0,6.5,131.19,46.3,62.42,15.936388888888889
0.0,27.6,91.36,8.64,0.2479,-0.4261,100.0,6.5,127.26,53.6,77.96,15.936388888888889
0.0,27.6,98.29,1.71,0.2479,-0.4261,100.0,6.5,122.96,48.92,71.35,15.936388888888889
0.0,27.6,12.54,87.46,0.2479,-0.4261,100.0,6.5,120.68,40.01,50.7,15.936388888888889
0.0,27.6,68.77,29.76,0.2479,-0.4261,100.0,6.5,119.42,50.63,72.18,15.936388888888889
0.0,27.6,8.55,91.45,0.2479,-0.4261,100.0,6.5,117.27,38.55,47.74,15.936388888888889
0.0,27.6,38.45,61.24,0.2479,-0.4261,100.0,6.5,114.48,34.71,50.37,15.936388888888889
0.0,27.6,76.91,23.09,0.2479,-0.4261,100.0,6.5,110.88,48.32,71.45,15.936388888888889
0.0,27.6,55.13,44.87,0.2479,-0.4261,100.0,6.5,106.5,32.64,50.27,15.936388888888889
0.0,27.6,67.94,32.06,0.2479,-0.4261,100.0,6.5,101.98,51.82,73.87,15.936388888888889
0.0,27.6,31.57,68.43,0.2479,-0.4261,100.0,6.5,98.34,40.04,52.68,15.936388888888889
0.0,27.6,1.52,98.28,0.2479,-0.4261,100.0,6.5,95.94,36.19,42.65,15.936388888888889
0.0,27.6,47.8,40.67,0.2479,-0.4261,100.0,6.5,92.73,33.03,50.09,15.936388888888889
0.0,27.6,25.1,74.59,0.2479,-0.4261,100.0,6.5,89.33,35.22,48.22,15.936388888888889
0.0,27.6,2.62,96.76,0.2479,-0.4261,100.0,6.5,86.96,26.83,34.14,15.936388888888889
0.0,27.6,,,0.2479,-0.4261,100.0,6.5,84.92,41.07,57.19,15.936388888888889
0.0,27.6,,,0.2479,-0.4261,100.0,6.5,83.26,32.35,47.85,15.936388888888889
0.0,27.6,,,0.2479,-0.4261,100.0,6.5,81.53,29.38,43.4,15.936388888888889
0.0,27.6,,,0.2479,-0.4261,100.0,6.5,79.45,30.86,44.78,15.936388888888889
0.0,27.6,,,0.2479,-0.4261,100.0,6.5,77.43,32.6,47.08,15.936388888888889
0.0,27.6,,,0.2479,-0.4261,100.0,6.5,75.7,37.2,52.83,15.936388888888889
0.0,27.6,,,0.2479,-0.4261,100.0,6.5,74.27,41.15,55.84,15.936388888888889
0.0,27.6,,,0.2479,-0.4261,100.0,6.5,73.07,37.31,51.96,15.936388888888889
0.0,27.6,,,0.2479,-0.4261,100.0,6.5,72.09,45.15,60.59,15.936388888888889
0.0,27.6,,,0.2479,-0.4261,100.0,6.5,71.25,40.55,55.36,15.936388888888889
0.0,27.6,,,0.2479,-0.4261,100.0,6.5,70.94,42.66,59.04,15.936388888888889
0.0,27.6,,,0.2479,-0.4261,100.0,6.5,71.23,41.04,56.93,15.936388888888889
0.0,27.6,,,0.2479,-0.4261,100.0,6.5,69.31,35.3,50.4,15.936388888888889
0.0,27.6,,,0.2479,-0.4261,100.0,6.5,65.08,39.19,55.19,15.936388888888889
0.0,27.6,,,0.2479,-0.4261,100.0,6.5,60.89,40.43,56.42,15.936388888888889
0.0,27.6,,,0.2479,-0.4261,100.0,6.5,56.79,32.7,47.02,15.936388888888889
0.0,27.6,,,0.2479,-0.4261,100.0,6.5,52.54,39.23,53.16,15.936388888888889
0.0,27.6,,,0.2479,-0.4261,100.0,16.25,48.11,42.93,56.0,15.936388888888889
0.0,27.6,,,0.2479,-0.4261,100.0,16.25,43.72,43.59,55.96,15.936388888888889
0.0,27.6,,,0.2479,-0.4261,100.0,16.25,39.87,39.92,51.91,15.936388888888889
0.0,27.6,,,0.2479,-0.4261,100.0,16.25,37.21,44.79,58.9,15.936388888888889
0.0,27.6,,,0.2479,-0.4261,100.0,16.25,35.67,33.05,46.39,15.936388888888889
0.0,27.6,0.0,95.0,0.2479,-0.4261,100.0,16.25,34.93,40.2,45.56,15.936388888888889
0.0,27.6,72.72,27.28,0.2479,-0.4261,100.0,16.25,34.72,54.26,75.17,15.936388888888889
0.0,27.6,18.68,81.32,0.2479,-0.4261,100.0,16.25,34.4,30.76,39.01,15.936388888888889
0.0,27.6,60.6,39.4,0.2479,-0.4261,100.0,16.25,34.22,50.41,67.97,15.936388888888889
0.0,27.6,17.96,79.97,0.2479,-0.4261,100.0,16.25,35.75,36.65,45.46,15.936388888888889
0.0,27.6,44.6,55.4,0.2479,-0.4261,100.0,16.25,38.8,37.83,52.85,15.936388888888889
0.0,27.6,29.63,70.37,0.2479,-0.4261,100.0,16.25,42.26,35.94,47.84,15.936388888888889
0.0,27.6,25.61,73.84,0.2479,-0.4261,100.0,16.25,45.34,33.28,42.55,15.936388888888889
0.0,27.6,95.45,4.55,0.2479,-0.4261,100.0,16.25,48.51,55.69,78.17,15.936388888888889
0.0,27.6,82.31,17.38,0.2479,-0.4261,100.0,6.5,52.83,52.8,76.75,15.936388888888889
0.0,27.6,66.85,33.15,0.2479,-0.4261,100.0,6.5,57.66,42.74,63.88,15.936388888888889
0.0,27.6,55.45,43.82,0.2479,-0.4261,100.0,6.5,62.45,33.75,52.07,15.936388888888889
0.0,27.6,78.25,21.75,0.2479,-0.4261,100.0,6.5,66.42,47.81,70.53,15.936388888888889
0.0,27.6,94.11,5.89,0.2479,-0.4261,100.0,6.5,68.98,39.41,62.72,15.936388888888889
0.0,27.6,91.79,7.61,0.2479,-0.4261,100.0,6.5,69.8,42.71,67.04,15.936388888888889
0.0,27.6,36.39,62.9,0.2479,-0.4261,100.0,6.5,68.35,35.67,50.74,15.936388888888889
0.0,27.6,28.77,38.25,0.2479,-0.4261,100.0,6.5,66.85,40.94,52.96,15.936388888888889
0.0,27.6,,,0.2479,-0.4261,100.0,6.5,69.56,34.32,49.13,15.936388888888889
0.0,27.6,,,0.2479,-0.4261,100.0,6.5,67.11,35.51,50.3,15.936388888888889
0.0,27.6,,,0.2479,-0.4261,100.0,6.5,63.55,35.2,49.93,15.936388888888889
0.0,27.6,,,0.2479,-0.4261,100.0,6.5,59.4,35.15,49.65,15.936388888888889
0.0,27.6,,,0.2479,-0.4261,100.0,6.5,55.31,33.05,49.31,15.936388888888889
0.0,27.6,,,0.2479,-0.4261,100.0,6.5,50.93,41.92,57.42,15.936388888888889
0.0,27.6,,,0.2479,-0.4261,100.0,16.25,46.52,39.88,52.99,15.936388888888889
0.0,27.6,,,0.2479,-0.4261,100.0,16.25,41.98,39.43,53.05,15.936388888888889
0.0,27.6,,,0.2479,-0.4261,100.0,16.25,37.71,38.98,51.33,15.936388888888889
0.0,27.6,26.33,73.67,0.2479,-0.4261,100.0,16.25,33.17,44.28,54.75,15.936388888888889
0.0,27.6,39.43,60.47,0.2479,-0.4261,100.0,16.25,28.64,36.35,48.77,15.936388888888889
0.0,27.6,35.32,64.68,0.2479,-0.4261,100.0,16.25,23.94,43.97,55.35,15.936388888888889
0.0,27.6,74.03,19.42,0.2479,-0.4261,100.0,34.5,19.08,42.89,59.35,15.936388888888889
0.0,27.6,96.41,3.05,0.2479,-0.4261,100.0,34.5,14.4,42.93,59.59,15.936388888888889
0.0,27.6,69.49,28.96,0.2479,-0.4261,100.0,47.5,9.78,48.88,61.61,15.936388888888889
0.0,27.6,47.93,10.37,0.2479,-0.4261,100.0,47.5,6.47,51.77,59.47,15.936388888888889
0.0,27.6,,,0.2479,-0.4261,100.0,6.5,61.02,45.39,60.95,15.936388888888889
0.0,27.6,,,0.2479,-0.4261,100.0,6.5,60.03,41.89,57.05,15.936388888888889
0.0,27.6,88.34,10.76,0.2479,-0.4261,100.0,47.5,6.9,53.67,68.68,15.936388888888889
0.0,27.6,100.0,0.0,0.2479,-0.4261,100.0,47.5,7.63,48.72,64.8,15.936388888888889
0.0,27.6,31.93,59.66,0.2479,-0.4261,100.0,16.25,44.16,44.2,56.03,15.936388888888889
0.0,27.6,3.97,94.22,0.2479,-0.4261,100.0,16.25,43.25,38.26,43.11,15.936388888888889
0.0,27.6,60.48,37.14,0.2479,-0.4261,100.0,16.25,42.1,49.4,66.45,15.936388888888889
0.0,27.6,32.26,57.26,0.2479,-0.4261,100.0,16.25,41.33,42.24,54.68,15.936388888888889
0.0,27.6,14.23,83.79,0.2479,-0.4261,100.0,16.25,40.45,37.08,45.46,15.936388888888889
0.0,27.6,3.0,96.01,0.2479,-0.4261,100.0,16.25,38.82,27.97,34.44,15.936388888888889
0.0,27.6,14.04,85.96,0.2479,-0.4261,100.0,16.25,39.77,34.66,43.79,15.936388888888889
0.0,27.6,0.0,100.0,0.2479,-0.4261,100.0,16.25,37.8,37.53,41.54,15.936388888888889
0.0,27.6,0.57,98.86,0.2479,-0.4261,100.0,16.25,37.27,39.19,44.52,15.936388888888889
0.0,27.6,16.86,78.96,0.2479,-0.4261,100.0,34.5,12.4,44.05,49.39,15.936388888888889
0.0,27.6,0.0,100.0,0.2479,-0.4261,100.0,16.25,36.99,28.76,33.6,15.936388888888889
0.0,27.6,2.67,95.89,0.2479,-0.4261,100.0,16.25,36.21,38.0,44.86,15.936388888888889
0.0,27.6,92.19,7.81,0.2479,-0.4261,100.0,34.5,13.9,53.8,72.04,15.936388888888889
0.0,27.6,84.27,15.73,0.2479,-0.4261,100.0,34.5,14.08,54.59,71.77,15.936388888888889
0.0,27.6,17.24,82.76,0.2479,-0.4261,100.0,34.5,14.23,33.52,38.13,15.936388888888889
0.0,27.6,7.4,84.01,0.2479,-0.4261,100.0,34.5,14.74,35.09,36.83,15.936388888888889
0.0,27.6,0.0,100.0,0.2479,-0.4261,100.0,34.5,14.32,40.21,41.35,15.936388888888889
0.0,27.6,0.0,100.0,0.2479,-0.4261,100.0,34.5,14.47,31.34,32.83,15.936388888888889
0.0,27.6,4.0,96.0,0.2479,-0.4261,100.0,16.25,35.46,37.59,42.83,15.936388888888889
0.0,27.6,52.0,48.0,0.2479,-0.4261,100.0,16.25,35.29,34.5,49.14,15.936388888888889
0.0,27.6,14.55,80.0,0.2479,-0.4261,100.0,34.5,14.71,44.71,48.55,15.936388888888889
0.0,27.6,3.3,93.41,0.2479,-0.4261,100.0,16.25,35.03,26.66,31.26,15.936388888888889
0.0,27.6,35.0,65.0,0.2479,-0.4261,100.0,16.25,34.88,42.6,54.09,15.936388888888889
0.0,27.6,15.23,51.06,0.2479,-0.4261,100.0,16.25,34.87,40.45,47.71,15.936388888888889
0.0,27.6,31.29,68.71,0.2479,-0.4261,100.0,16.25,33.61,39.68,52.09,15.936388888888889
0.0,27.6,8.02,91.98,0.2479,-0.4261,100.0,16.25,34.69,36.75,42.89,15.936388888888889
0.0,27.6,27.78,72.22,0.2479,-0.4261,100.0,16.25,39.29,44.74,55.62,15.936388888888889
0.0,27.6,0.0,100.0,0.2479,-0.4261,100.0,16.25,39.6,31.27,36.23,15.936388888888889
0.0,27.6,0.0,100.0,0.2479,-0.4261,100.0,16.25,39.3,26.18,30.89,15.936388888888889
0.0,27.6,0.0,98.38,0.2479,-0.4261,100.0,16.25,38.4,37.31,41.23,15.936388888888889
0.0,27.6,0.0,100.0,0.2479,-0.4261,100.0,16.25,39.92,31.62,35.49,15.936388888888889
0.0,27.6,10.43,89.57,0.2479,-0.4261,100.0,16.25,36.17,33.77,41.5,15.936388888888889
0.0,27.6,57.58,42.42,0.2479,-0.4261,100.0,16.25,40.13,37.97,54.17,15.936388888888889
0.0,27.6,1.05,97.89,0.2479,-0.4261,100.0,16.25,37.27,34.84,39.52,15.936388888888889
0.0,27.6,2.41,0.0,0.2479,-0.4261,100.0,16.25,40.63,30.64,36.6,15.936388888888889
0.0,27.6,45.88,49.41,0.2479,-0.4261,100.0,16.25,41.08,41.72,57.07,15.936388888888889
0.0,27.6,68.67,27.71,0.2479,-0.4261,100.0,16.25,41.09,52.3,72.49,15.936388888888889
0.0,27.6,51.16,45.35,0.2479,-0.4261,100.0,16.25,41.06,38.32,53.1,15.936388888888889
0.0,27.6,9.33,89.64,0.2479,-0.4261,100.0,16.25,37.42,30.49,37.49,15.936388888888889
0.0,27.6,0.0,33.33,0.2479,-0.4261,100.0,16.25,41.1,33.07,36.94,15.936388888888889
0.0,27.6,0.0,97.86,0.2479,-0.4261,100.0,16.25,40.73,38.8,43.97,15.936388888888889
0.0,27.6,8.22,91.12,0.2479,-0.4261,100.0,16.25,38.9,35.98,41.54,15.936388888888889
0.0,27.6,7.35,91.47,0.2479,-0.4261,100.0,16.25,43.0,28.03,34.84,15.936388888888889
0.0,27.6,3.87,83.63,0.2479,-0.4261,100.0,16.25,42.34,37.19,42.33,15.936388888888889
0.0,27.6,16.55,78.83,0.2479,-0.4261,100.0,16.25,42.24,41.88,51.36,15.936388888888889
0.0,27.6,18.92,75.43,0.2479,-0.4261,100.0,16.25,42.24,40.55,49.35,15.936388888888889
0.0,27.6,17.24,51.72,0.2479,-0.4261,100.0,16.25,41.54,31.74,39.58,15.936388888888889
0.0,27.6,50.91,38.18,0.2479,-0.4261,100.0,16.25,41.28,46.29,60.66,15.936388888888889
0.0,27.6,90.91,0.0,0.2479,-0.4261,100.0,16.25,41.42,47.43,67.95,15.936388888888889
0.0,27.6,91.67,0.0,0.2479,-0.4261,100.0,16.25,41.39,45.73,68.22,15.936388888888889
0.0,27.6,80.49,0.0,0.2479,-0.4261,100.0,16.25,41.3,49.67,71.33,15.936388888888889
0.0,27.6,90.91,0.0,0.2479,-0.4261,100.0,16.25,41.41,53.8,76.26,15.936388888888889
0.0,27.6,100.0,0.0,0.2479,-0.4261,100.0,16.25,41.39,52.03,74.35,15.936388888888889
0.0,27.6,87.8,0.0,0.2479,-0.4261,100.0,16.25,41.3,42.33,63.23,15.936388888888889
0.0,27.6,1.69,0.0,0.2479,-0.4261,100.0,16.25,41.28,32.64,37.53,15.936388888888889
0.0,27.6,1.69,0.0,0.2479,-0.4261,100.0,16.25,41.28,37.54,42.29,15.936388888888889
0.0,27.6,8.86,0.32,0.2479,-0.4261,100.0,16.25,41.2,39.36,45.33,15.936388888888889
0.0,27.6,6.06,33.33,0.2479,-0.4261,100.0,16.25,41.17,30.97,36.69,15.936388888888889
0.0,27.6,0.0,0.0,0.2479,-0.4261,100.0,16.25,41.18,26.28,30.62,15.936388888888889
0.0,27.6,0.0,0.0,0.2479,-0.4261,100.0,16.25,41.17,30.04,36.26,15.936388888888889
0.0,27.6,25.32,10.76,0.2479,-0.4261,100.0,16.25,41.16,35.55,46.44,15.936388888888889
0.0,27.6,0.0,55.56,0.2479,-0.4261,100.0,16.25,41.15,26.35,31.13,15.936388888888889
0.0,27.6,0.0,57.89,0.2479,-0.4261,100.0,16.25,41.14,30.16,34.35,15.936388888888889
0.0,27.6,9.68,32.26,0.2479,-0.4261,100.0,16.25,41.12,33.18,41.47,15.936388888888889
0.0,27.6,25.0,0.0,0.2479,-0.4261,100.0,16.25,41.12,33.47,43.6,15.936388888888889
0.0,27.6,31.25,0.0,0.2479,-0.4261,100.0,16.25,41.11,35.81,46.8,15.936388888888889
0.0,27.6,23.33,46.67,0.2479,-0.4261,100.0,16.25,41.12,32.28,43.28,15.936388888888889
0.0,27.6,0.0,41.67,0.2479,-0.4261,100.0,16.25,41.12,33.28,38.62,15.936388888888889
0.0,27.6,0.0,36.36,0.2479,-0.4261,100.0,16.25,41.11,36.64,40.74,15.936388888888889
0.0,27.6,66.67,27.78,0.2479,-0.4261,100.0,16.25,32.92,40.68,58.88,15.936388888888889
0.0,27.6,29.17,0.0,0.2479,-0.4261,100.0,16.25,32.2,44.95,56.62,15.936388888888889
0.0,27.6,33.33,29.17,0.2479,-0.4261,100.0,16.25,32.31,33.42,44.39,15.936388888888889
0.0,27.6,73.53,20.59,0.2479,-0.4261,100.0,16.25,32.49,51.19,71.59,15.936388888888889
0.0,27.6,40.16,48.03,0.2479,-0.4261,100.0,16.25,32.78,32.3,44.66,15.936388888888889
0.0,27.6,38.64,61.36,0.2479,-0.4261,100.0,16.25,33.87,45.85,59.29,15.936388888888889
0.0,27.6,36.59,60.98,0.2479,-0.4261,100.0,16.25,34.73,39.04,51.33,15.936388888888889
0.0,27.6,0.0,87.66,0.2479,-0.4261,100.0,16.25,34.97,33.3,38.65,15.936388888888889
0.0,27.6,1.95,52.6,0.2479,-0.4261,100.0,16.25,36.22,32.17,38.21,15.936388888888889
0.0,27.6,12.9,85.48,0.2479,-0.4261,100.0,16.25,38.09,39.95,46.69,15.936388888888889
0.0,27.6,20.0,73.33,0.2479,-0.4261,100.0,16.25,37.79,42.58,52.51,15.936388888888889
0.0,27.6,66.67,0.0,0.2479,-0.4261,100.0,16.25,38.39,45.28,64.95,15.936388888888889
0.0,27.6,20.0,0.0,0.2479,-0.4261,100.0,16.25,38.4,32.43,41.98,15.936388888888889
0.0,27.6,20.86,73.38,0.2479,-0.4261,100.0,16.25,39.0,37.99,46.77,15.936388888888889
0.0,27.6,62.5,0.0,0.2479,-0.4261,100.0,16.25,38.38,44.7,61.71,15.936388888888889
0.0,27.6,37.93,44.83,0.2479,-0.4261,100.0,16.25,39.59,34.1,45.65,15.936388888888889
0.0,27.6,23.53,50.0,0.2479,-0.4261,100.0,16.25,37.46,42.43,52.81,15.936388888888889
0.0,27.6,46.15,33.33,0.2479,-0.4261,100.0,16.25,39.56,48.06,62.75,15.936388888888889
0.0,27.6,44.27,54.17,0.2479,-0.4261,100.0,16.25,40.43,49.09,64.08,15.936388888888889
0.0,27.6,60.0,40.0,0.2479,-0.4261,100.0,16.25,39.54,36.69,53.77,15.936388888888889
0.0,27.6,0.0,100.0,0.2479,-0.4261,100.0,16.25,41.66,23.84,27.68,15.936388888888889
0.0,27.6,28.98,71.02,0.2479,-0.4261,100.0,16.25,20.92,33.22,43.7,15.936388888888889
0.0,27.6,29.77,70.23,0.2479,-0.4261,100.0,16.25,24.89,38.68,49.57,15.936388888888889
0.0,27.6,100.0,0.0,0.2479,-0.4261,100.0,34.5,19.77,47.39,65.35,15.936388888888889
0.0,27.6,44.83,55.17,0.2479,-0.4261,100.0,34.5,19.75,37.07,46.57,15.936388888888889
0.0,27.6,69.44,30.56,0.2479,-0.4261,100.0,34.5,19.69,42.56,58.1,15.936388888888889
0.0,27.6,98.18,1.82,0.2479,-0.4261,100.0,34.5,19.59,55.98,74.58,15.936388888888889
0.0,27.6,100.0,0.0,0.2479,-0.4261,100.0,34.5,19.35,57.74,75.76,15.936388888888889
0.0,27.6,26.77,33.0,0.2479,-0.4261,100.0,16.25,30.98,46.22,57.83,15.936388888888889
0.0,27.6,33.33,0.0,0.2479,-0.4261,100.0,16.25,29.05,46.88,59.48,15.936388888888889
0.0,27.6,92.31,7.69,0.2479,-0.4261,100.0,34.5,19.16,53.23,72.12,15.936388888888889
0.0,27.6,100.0,0.0,0.2479,-0.4261,100.0,34.5,19.12,56.88,74.68,15.936388888888889
0.0,27.6,12.12,10.3,0.2479,-0.4261,100.0,16.25,38.94,40.45,47.66,15.936388888888889
0.0,27.6,19.08,78.17,0.2479,-0.4261,100.0,16.25,28.87,37.27,46.62,15.936388888888889
0.0,27.6,23.85,76.15,0.2479,-0.4261,100.0,16.25,32.24,37.08,47.21,15.936388888888889
0.0,27.6,0.0,0.0,0.2479,-0.4261,100.0,16.25,39.07,34.24,38.18,15.936388888888889
0.0,27.6,39.39,33.33,0.2479,-0.4261,100.0,16.25,39.25,42.26,54.72,15.936388888888889
