outage_id,title,customers_affected,n_outages_in_cluster_record,cause,status,etr,start_time,region,municipality,latitude,longitude,cluster,source_url,quadkey,utility,province,feed,data_source_notes,fetched_at_utc,snapshot_id
7-0,Area Outage,19,1,Pending Classification,,2026-10-07T22:15:00Z,,,,49.41686,-94.04518,False,https://kubra.io/cluster-data/231/e0192d42-e3c7-4d12-9872-137fb6304921/150b68c2-88e8-46a7-a12e-b86a96bf1416/public/cluster-1/0213132.json,0213132,Hydro One,Ontario,kubra_stormcentre_live,Unofficial public Hydro One Storm Centre (Kubra) live snapshot; not operational outage history.,2026-10-07T19:30:20.491997+00:00,20261007_193020Z
8-0,Area Outage,19,1,Pending Classification,,2026-10-07T19:45:00Z,,,,46.35958,-81.75262,False,https://kubra.io/cluster-data/121/e0192d42-e3c7-4d12-9872-137fb6304921/150b68c2-88e8-46a7-a12e-b86a96bf1416/public/cluster-1/03022121.json,03022121,Hydro One,Ontario,kubra_stormcentre_live,Unofficial public Hydro One Storm Centre (Kubra) live snapshot; not operational outage history.,2026-10-07T19:30:20.491997+00:00,20261007_193020Z
12-0,Area Outage,19,1,Pending Classification,,2026-10-07T22:15:00Z,,,,45.86199,-82.43977,False,https://kubra.io/cluster-data/231/e0192d42-e3c7-4d12-9872-137fb6304921/150b68c2-88e8-46a7-a12e-b86a96bf1416/public/cluster-1/030221230132.json,030221230132,Hydro One,Ontario,kubra_stormcentre_live,Unofficial public Hydro One Storm Centre (Kubra) live snapshot; not operational outage history.,2026-10-07T19:30:20.491997+00:00,20261007_193020Z
12-1,Area Outage,19,1,Pending Classification,,2026-10-07T22:00:00Z,,,,45.86325,-82.4397,False,https://kubra.io/cluster-data/231/e0192d42-e3c7-4d12-9872-137fb6304921/150b68c2-88e8-46a7-a12e-b86a96bf1416/public/cluster-1/030221230132.json,030221230132,Hydro One,Ontario,kubra_stormcentre_live,Unofficial public Hydro One Storm Centre (Kubra) live snapshot; not operational outage history.,2026-10-07T19:30:20.491997+00:00,20261007_193020Z
7-0,Area Outage,19,1,Pending Classification,,2026-10-07T21:45:00Z,,,,42.32504,-82.18101,False,https://kubra.io/cluster-data/232/e0192d42-e3c7-4d12-9872-137fb6304921/150b68c2-88e8-46a7-a12e-b86a96bf1416/public/cluster-1/0302232.json,0302232,Hydro One,Ontario,kubra_stormcentre_live,Unofficial public Hydro One Storm Centre (Kubra) live snapshot; not operational outage history.,2026-10-07T19:30:20.491997+00:00,20261007_193020Z
7-1,Area Outage,19,1,Planned Broadband/Joint Use Work,,2026-10-07T20:00:00Z,,,,42.58904,-82.11724,False,https://kubra.io/cluster-data/232/e0192d42-e3c7-4d12-9872-137fb6304921/150b68c2-88e8-46a7-a12e-b86a96bf1416/public/cluster-1/0302232.json,0302232,Hydro One,Ontario,kubra_stormcentre_live,Unofficial public Hydro One Storm Centre (Kubra) live snapshot; not operational outage history.,2026-10-07T19:30:20.491997+00:00,20261007_193020Z
7-0,Area Outage,19,1,Pending Classification,,2026-10-07T22:00:00Z,,,,51.26284,-80.6053,False,https://kubra.io/cluster-data/130/e0192d42-e3c7-4d12-9872-137fb6304921/150b68c2-88e8-46a7-a12e-b86a96bf1416/public/cluster-1/0302031.json,0302031,Hydro One,Ontario,kubra_stormcentre_live,Unofficial public Hydro One Storm Centre (Kubra) live snapshot; not operational outage history.,2026-10-07T19:30:20.491997+00:00,20261007_193020Z
7-0,Area Outage,19,1,Replacing Hydro Pole(s),,ETR-EXP,,,,47.12399,-79.49401,False,https://kubra.io/cluster-data/112/e0192d42-e3c7-4d12-9872-137fb6304921/150b68c2-88e8-46a7-a12e-b86a96bf1416/public/cluster-1/0302211.json,0302211,Hydro One,Ontario,kubra_stormcentre_live,Unofficial public Hydro One Storm Centre (Kubra) live snapshot; not operational outage history.,2026-10-07T19:30:20.491997+00:00,20261007_193020Z
12-0,Area Outage,19,1,Planned Broadband/Joint Use Work,,2026-10-07T21:00:00Z,,,,45.50855,-79.85857,False,https://kubra.io/cluster-data/310/e0192d42-e3c7-4d12-9872-137fb6304921/150b68c2-88e8-46a7-a12e-b86a96bf1416/public/cluster-1/030221332013.json,030221332013,Hydro One,Ontario,kubra_stormcentre_live,Unofficial public Hydro One Storm Centre (Kubra) live snapshot; not operational outage history.,2026-10-07T19:30:20.491997+00:00,20261007_193020Z
12-1,Area Outage,19,1,Planned Broadband/Joint Use Work,,2026-10-07T21:00:00Z,,,,45.51201,-79.85183,False,https://kubra.io/cluster-data/310/e0192d42-e3c7-4d12-9872-137fb6304921/150b68c2-88e8-46a7-a12e-b86a96bf1416/public/cluster-1/030221332013.json,030221332013,Hydro One,Ontario,kubra_stormcentre_live,Unofficial public Hydro One Storm Centre (Kubra) live snapshot; not operational outage history.,2026-10-07T19:30:20.491997+00:00,20261007_193020Z
12-2,Area Outage,19,1,Planned Broadband/Joint Use Work,,2026-10-07T21:00:00Z,,,,45.50958,-79.85738,False,https://kubra.io/cluster-data/310/e0192d42-e3c7-4d12-9872-137fb6304921/150b68c2-88e8-46a7-a12e-b86a96bf1416/public/cluster-1/030221332013.json,030221332013,Hydro One,Ontario,kubra_stormcentre_live,Unofficial public Hydro One Storm Centre (Kubra) live snapshot; not operational outage history.,2026-10-07T19:30:20.491997+00:00,20261007_193020Z
12-3,Area Outage,19,1,Planned Broadband/Joint Use Work,,2026-10-07T21:00:00Z,,,,45.50951,-79.85902,False,https://kubra.io/cluster-data/310/e0192d42-e3c7-4d12-9872-137fb6304921/150b68c2-88e8-46a7-a12e-b86a96bf1416/public/cluster-1/030221332013.json,030221332013,Hydro One,Ontario,kubra_stormcentre_live,Unofficial public Hydro One Storm Centre (Kubra) live snapshot; not operational outage history.,2026-10-07T19:30:20.491997+00:00,20261007_193020Z
12-4,Area Outage,19,1,Planned Broadband/Joint Use Work,,2026-10-07T21:00:00Z,,,,45.50997,-79.85504,False,https://kubra.io/cluster-data/310/e0192d42-e3c7-4d12-9872-137fb6304921/150b68c2-88e8-46a7-a12e-b86a96bf1416/public/cluster-1/030221332013.json,030221332013,Hydro One,Ontario,kubra_stormcentre_live,Unofficial public Hydro One Storm Centre (Kubra) live snapshot; not operational outage history.,2026-10-07T19:30:20.491997+00:00,20261007_193020Z
12-5,Area Outage,19,1,Planned Broadband/Joint Use Work,,ETR-EXP,,,,45.51408,-79.84433,False,https://kubra.io/cluster-data/310/e0192d42-e3c7-4d12-9872-137fb6304921/150b68c2-88e8-46a7-a12e-b86a96bf1416/public/cluster-1/030221332013.json,030221332013,Hydro One,Ontario,kubra_stormcentre_live,Unofficial public Hydro One Storm Centre (Kubra) live snapshot; not operational outage history.,2026-10-07T19:30:20.491997+00:00,20261007_193020Z
12-6,Area Outage,19,1,Planned Broadband/Joint Use Work,,2026-10-07T21:00:00Z,,,,45.51063,-79.84802,False,https://kubra.io/cluster-data/310/e0192d42-e3c7-4d12-9872-137fb6304921/150b68c2-88e8-46a7-a12e-b86a96bf1416/public/cluster-1/030221332013.json,030221332013,Hydro One,Ontario,kubra_stormcentre_live,Unofficial public Hydro One Storm Centre (Kubra) live snapshot; not operational outage history.,2026-10-07T19:30:20.491997+00:00,20261007_193020Z
8-0,Area Outage,19,1,Pending Classification,,2026-10-07T21:45:00Z,,,,44.56938,-80.92359,False,https://kubra.io/cluster-data/013/e0192d42-e3c7-4d12-9872-137fb6304921/150b68c2-88e8-46a7-a12e-b86a96bf1416/public/cluster-1/03022310.json,03022310,Hydro One,Ontario,kubra_stormcentre_live,Unofficial public Hydro One Storm Centre (Kubra) live snapshot; not operational outage history.,2026-10-07T19:30:20.491997+00:00,20261007_193020Z
8-1,Area Outage,19,1,Planned Broadband/Joint Use Work,,2026-10-07T20:00:00Z,,,,44.94201,-81.19429,False,https://kubra.io/cluster-data/013/e0192d42-e3c7-4d12-9872-137fb6304921/150b68c2-88e8-46a7-a12e-b86a96bf1416/public/cluster-1/03022310.json,03022310,Hydro One,Ontario,kubra_stormcentre_live,Unofficial public Hydro One Storm Centre (Kubra) live snapshot; not operational outage history.,2026-10-07T19:30:20.491997+00:00,20261007_193020Z
11-0,Area Outage,19,1,Planned Broadband/Joint Use Work,,2026-10-07T21:00:00Z,,,,45.06125,-79.61886,False,https://kubra.io/cluster-data/110/e0192d42-e3c7-4d12-9872-137fb6304921/150b68c2-88e8-46a7-a12e-b86a96bf1416/public/cluster-1/03022311011.json,03022311011,Hydro One,Ontario,kubra_stormcentre_live,Unofficial public Hydro One Storm Centre (Kubra) live snapshot; not operational outage history.,2026-10-07T19:30:20.491997+00:00,20261007_193020Z
12-0,Area Outage,32,1,Planned Broadband/Joint Use Work,,2026-10-07T21:00:00Z,,,,44.9279,-79.54,False,https://kubra.io/cluster-data/031/e0192d42-e3c7-4d12-9872-137fb6304921/150b68c2-88e8-46a7-a12e-b86a96bf1416/public/cluster-1/030223110130.json,030223110130,Hydro One,Ontario,kubra_stormcentre_live,Unofficial public Hydro One Storm Centre (Kubra) live snapshot; not operational outage history.,2026-10-07T19:30:20.491997+00:00,20261007_193020Z
12-1,Area Outage,19,1,Planned Broadband/Joint Use Work,,2026-10-07T21:00:00Z,,,,44.93531,-79.54831,False,https://kubra.io/cluster-data/031/e0192d42-e3c7-4d12-9872-137fb6304921/150b68c2-88e8-46a7-a12e-b86a96bf1416/public/cluster-1/030223110130.json,030223110130,Hydro One,Ontario,kubra_stormcentre_live,Unofficial public Hydro One Storm Centre (Kubra) live snapshot; not operational outage history.,2026-10-07T19:30:20.491997+00:00,20261007_193020Z
12-2,Area Outage,19,1,Planned Broadband/Joint Use Work,,2026-10-07T21:00:00Z,,,,44.93617,-79.54888,False,https://kubra.io/cluster-data/031/e0192d42-e3c7-4d12-9872-137fb6304921/150b68c2-88e8-46a7-a12e-b86a96bf1416/public/cluster-1/030223110130.json,030223110130,Hydro One,Ontario,kubra_stormcentre_live,Unofficial public Hydro One Storm Centre (Kubra) live snapshot; not operational outage history.,2026-10-07T19:30:20.491997+00:00,20261007_193020Z
10-0,Area Outage,94,1,Pending Classification,,2026-10-07T20:45:00Z,,,,45.05431,-78.82345,False,https://kubra.io/cluster-data/111/e0192d42-e3c7-4d12-9872-137fb6304921/150b68c2-88e8-46a7-a12e-b86a96bf1416/public/cluster-1/0302231111.json,0302231111,Hydro One,Ontario,kubra_stormcentre_live,Unofficial public Hydro One Storm Centre (Kubra) live snapshot; not operational outage history.,2026-10-07T19:30:20.491997+00:00,20261007_193020Z
10-0,Area Outage,19,1,Pending Classification,,2026-10-07T23:00:00Z,,,,44.80754,-79.37783,False,https://kubra.io/cluster-data/211/e0192d42-e3c7-4d12-9872-137fb6304921/150b68c2-88e8-46a7-a12e-b86a96bf1416/public/cluster-1/0302231112.json,0302231112,Hydro One,Ontario,kubra_stormcentre_live,Unofficial public Hydro One Storm Centre (Kubra) live snapshot; not operational outage history.,2026-10-07T19:30:20.491997+00:00,20261007_193020Z
12-0,Area Outage,19,1,Pending Classification,,2026-10-07T22:00:00Z,,,,44.65456,-78.85662,False,https://kubra.io/cluster-data/033/e0192d42-e3c7-4d12-9872-137fb6304921/150b68c2-88e8-46a7-a12e-b86a96bf1416/public/cluster-1/030223111330.json,030223111330,Hydro One,Ontario,kubra_stormcentre_live,Unofficial public Hydro One Storm Centre (Kubra) live snapshot; not operational outage history.,2026-10-07T19:30:20.491997+00:00,20261007_193020Z
12-0,Area Outage,19,1,Pending Classification,,2026-10-07T22:00:00Z,,,,44.64802,-78.87079,False,https://kubra.io/cluster-data/233/e0192d42-e3c7-4d12-9872-137fb6304921/150b68c2-88e8-46a7-a12e-b86a96bf1416/public/cluster-1/030223111332.json,030223111332,Hydro One,Ontario,kubra_stormcentre_live,Unofficial public Hydro One Storm Centre (Kubra) live snapshot; not operational outage history.,2026-10-07T19:30:20.491997+00:00,20261007_193020Z
12-1,Area Outage,61,1,Pending Classification,,2026-10-07T22:15:00Z,,,,44.65157,-78.86341,False,https://kubra.io/cluster-data/233/e0192d42-e3c7-4d12-9872-137fb6304921/150b68c2-88e8-46a7-a12e-b86a96bf1416/public/cluster-1/030223111332.json,030223111332,Hydro One,Ontario,kubra_stormcentre_live,Unofficial public Hydro One Storm Centre (Kubra) live snapshot; not operational outage history.,2026-10-07T19:30:20.491997+00:00,20261007_193020Z
12-2,Area Outage,19,1,Pending Classification,,2026-10-07T22:00:00Z,,,,44.64913,-78.85995,False,https://kubra.io/cluster-data/233/e0192d42-e3c7-4d12-9872-137fb6304921/150b68c2-88e8-46a7-a12e-b86a96bf1416/public/cluster-1/030223111332.json,030223111332,Hydro One,Ontario,kubra_stormcentre_live,Unofficial public Hydro One Storm Centre (Kubra) live snapshot; not operational outage history.,2026-10-07T19:30:20.491997+00:00,20261007_193020Z
12-0,Area Outage,285,1,Pending Classification,,2026-10-07T22:00:00Z,,,,44.63336,-78.80141,False,https://kubra.io/cluster-data/333/e0192d42-e3c7-4d12-9872-137fb6304921/150b68c2-88e8-46a7-a12e-b86a96bf1416/public/cluster-1/030223111333.json,030223111333,Hydro One,Ontario,kubra_stormcentre_live,Unofficial public Hydro One Storm Centre (Kubra) live snapshot; not operational outage history.,2026-10-07T19:30:20.491997+00:00,20261007_193020Z
12-1,Area Outage,46,1,Pending Classification,,2026-10-07T22:15:00Z,,,,44.64495,-78.8017,False,https://kubra.io/cluster-data/333/e0192d42-e3c7-4d12-9872-137fb6304921/150b68c2-88e8-46a7-a12e-b86a96bf1416/public/cluster-1/030223111333.json,030223111333,Hydro One,Ontario,kubra_stormcentre_live,Unofficial public Hydro One Storm Centre (Kubra) live snapshot; not operational outage history.,2026-10-07T19:30:20.491997+00:00,20261007_193020Z
9-0,Area Outage,90,1,Pending Classification,,2026-10-07T19:45:00Z,,,,44.3209,-79.28641,False,https://kubra.io/cluster-data/311/e0192d42-e3c7-4d12-9872-137fb6304921/150b68c2-88e8-46a7-a12e-b86a96bf1416/public/cluster-1/030223113.json,030223113,Hydro One,Ontario,kubra_stormcentre_live,Unofficial public Hydro One Storm Centre (Kubra) live snapshot; not operational outage history.,2026-10-07T19:30:20.491997+00:00,20261007_193020Z
9-1,Area Outage,19,1,Currently Under Investigation,,2026-10-10T22:00:00Z,,,,44.44692,-79.2156,False,https://kubra.io/cluster-data/311/e0192d42-e3c7-4d12-9872-137fb6304921/150b68c2-88e8-46a7-a12e-b86a96bf1416/public/cluster-1/030223113.json,030223113,Hydro One,Ontario,kubra_stormcentre_live,Unofficial public Hydro One Storm Centre (Kubra) live snapshot; not operational outage history.,2026-10-07T19:30:20.491997+00:00,20261007_193020Z
12-0,Area Outage,45,1,Pending Classification,,2026-10-07T21:30:00Z,,,,44.07677,-80.46817,False,https://kubra.io/cluster-data/001/e0192d42-e3c7-4d12-9872-137fb6304921/150b68c2-88e8-46a7-a12e-b86a96bf1416/public/cluster-1/030223121100.json,030223121100,Hydro One,Ontario,kubra_stormcentre_live,Unofficial public Hydro One Storm Centre (Kubra) live snapshot; not operational outage history.,2026-10-07T19:30:20.491997+00:00,20261007_193020Z
12-1,Area Outage,19,1,Pending Classification,,2026-10-07T20:15:00Z,,,,44.073,-80.48522,False,https://kubra.io/cluster-data/001/e0192d42-e3c7-4d12-9872-137fb6304921/150b68c2-88e8-46a7-a12e-b86a96bf1416/public/cluster-1/030223121100.json,030223121100,Hydro One,Ontario,kubra_stormcentre_live,Unofficial public Hydro One Storm Centre (Kubra) live snapshot; not operational outage history.,2026-10-07T19:30:20.491997+00:00,20261007_193020Z
7-0,Area Outage,19,1,Pending Classification,,ETR-EXP,,,,42.9896,-80.45224,False,https://kubra.io/cluster-data/332/e0192d42-e3c7-4d12-9872-137fb6304921/150b68c2-88e8-46a7-a12e-b86a96bf1416/public/cluster-1/0302233.json,0302233,Hydro One,Ontario,kubra_stormcentre_live,Unofficial public Hydro One Storm Centre (Kubra) live snapshot; not operational outage history.,2026-10-07T19:30:20.491997+00:00,20261007_193020Z
7-1,Area Outage,19,1,Pending Classification,,2026-10-07T20:45:00Z,,,,42.69025,-80.32836,False,https://kubra.io/cluster-data/332/e0192d42-e3c7-4d12-9872-137fb6304921/150b68c2-88e8-46a7-a12e-b86a96bf1416/public/cluster-1/0302233.json,0302233,Hydro One,Ontario,kubra_stormcentre_live,Unofficial public Hydro One Storm Centre (Kubra) live snapshot; not operational outage history.,2026-10-07T19:30:20.491997+00:00,20261007_193020Z
8-0,Area Outage,19,1,Pending Classification,,2026-10-07T20:45:00Z,,,,46.09378,-77.4783,False,https://kubra.io/cluster-data/020/e0192d42-e3c7-4d12-9872-137fb6304921/150b68c2-88e8-46a7-a12e-b86a96bf1416/public/cluster-1/03023020.json,03023020,Hydro One,Ontario,kubra_stormcentre_live,Unofficial public Hydro One Storm Centre (Kubra) live snapshot; not operational outage history.,2026-10-07T19:30:20.491997+00:00,20261007_193020Z
8-0,Area Outage,19,1,Replacing Pole,,ETR-EXP,,,,45.24673,-77.46108,False,https://kubra.io/cluster-data/220/e0192d42-e3c7-4d12-9872-137fb6304921/150b68c2-88e8-46a7-a12e-b86a96bf1416/public/cluster-1/03023022.json,03023022,Hydro One,Ontario,kubra_stormcentre_live,Unofficial public Hydro One Storm Centre (Kubra) live snapshot; not operational outage history.,2026-10-07T19:30:20.491997+00:00,20261007_193020Z
8-1,Area Outage,19,1,Pending Classification,,2026-10-07T22:00:00Z,,,,45.37767,-77.70149,False,https://kubra.io/cluster-data/220/e0192d42-e3c7-4d12-9872-137fb6304921/150b68c2-88e8-46a7-a12e-b86a96bf1416/public/cluster-1/03023022.json,03023022,Hydro One,Ontario,kubra_stormcentre_live,Unofficial public Hydro One Storm Centre (Kubra) live snapshot; not operational outage history.,2026-10-07T19:30:20.491997+00:00,20261007_193020Z
10-0,Area Outage,42,1,Currently Under Investigation,,2026-10-07T19:45:00Z,,,,45.52661,-77.2664,False,https://kubra.io/cluster-data/023/e0192d42-e3c7-4d12-9872-137fb6304921/150b68c2-88e8-46a7-a12e-b86a96bf1416/public/cluster-1/0302302320.json,0302302320,Hydro One,Ontario,kubra_stormcentre_live,Unofficial public Hydro One Storm Centre (Kubra) live snapshot; not operational outage history.,2026-10-07T19:30:20.491997+00:00,20261007_193020Z
10-1,Area Outage,19,1,Currently Under Investigation,,ETR-EXP,,,,45.57462,-77.26044,False,https://kubra.io/cluster-data/023/e0192d42-e3c7-4d12-9872-137fb6304921/150b68c2-88e8-46a7-a12e-b86a96bf1416/public/cluster-1/0302302320.json,0302302320,Hydro One,Ontario,kubra_stormcentre_live,Unofficial public Hydro One Storm Centre (Kubra) live snapshot; not operational outage history.,2026-10-07T19:30:20.491997+00:00,20261007_193020Z
12-0,Area Outage,30,1,Planned Broadband/Joint Use Work,,2026-10-07T19:30:00Z,,,,44.87214,-78.62999,False,https://kubra.io/cluster-data/320/e0192d42-e3c7-4d12-9872-137fb6304921/150b68c2-88e8-46a7-a12e-b86a96bf1416/public/cluster-1/030232000023.json,030232000023,Hydro One,Ontario,kubra_stormcentre_live,Unofficial public Hydro One Storm Centre (Kubra) live snapshot; not operational outage history.,2026-10-07T19:30:20.491997+00:00,20261007_193020Z
12-1,Area Outage,19,1,Planned Broadband/Joint Use Work,,2026-10-07T19:30:00Z,,,,44.88335,-78.61602,False,https://kubra.io/cluster-data/320/e0192d42-e3c7-4d12-9872-137fb6304921/150b68c2-88e8-46a7-a12e-b86a96bf1416/public/cluster-1/030232000023.json,030232000023,Hydro One,Ontario,kubra_stormcentre_live,Unofficial public Hydro One Storm Centre (Kubra) live snapshot; not operational outage history.,2026-10-07T19:30:20.491997+00:00,20261007_193020Z
12-2,Area Outage,19,1,Planned Broadband/Joint Use Work,,2026-10-07T19:30:00Z,,,,44.88521,-78.61008,False,https://kubra.io/cluster-data/320/e0192d42-e3c7-4d12-9872-137fb6304921/150b68c2-88e8-46a7-a12e-b86a96bf1416/public/cluster-1/030232000023.json,030232000023,Hydro One,Ontario,kubra_stormcentre_live,Unofficial public Hydro One Storm Centre (Kubra) live snapshot; not operational outage history.,2026-10-07T19:30:20.491997+00:00,20261007_193020Z
12-3,Area Outage,19,1,Planned Broadband/Joint Use Work,,2026-10-07T19:30:00Z,,,,44.88376,-78.6156,False,https://kubra.io/cluster-data/320/e0192d42-e3c7-4d12-9872-137fb6304921/150b68c2-88e8-46a7-a12e-b86a96bf1416/public/cluster-1/030232000023.json,030232000023,Hydro One,Ontario,kubra_stormcentre_live,Unofficial public Hydro One Storm Centre (Kubra) live snapshot; not operational outage history.,2026-10-07T19:30:20.491997+00:00,20261007_193020Z
11-0,Area Outage,19,1,Installing new equipment,,ETR-EXP,,,,44.50358,-78.64994,False,https://kubra.io/cluster-data/002/e0192d42-e3c7-4d12-9872-137fb6304921/150b68c2-88e8-46a7-a12e-b86a96bf1416/public/cluster-1/03023200200.json,03023200200,Hydro One,Ontario,kubra_stormcentre_live,Unofficial public Hydro One Storm Centre (Kubra) live snapshot; not operational outage history.,2026-10-07T19:30:20.491997+00:00,20261007_193020Z
12-0,Area Outage,19,1,Planned Broadband/Joint Use Work,,ETR-EXP,,,,44.55504,-78.47058,False,https://kubra.io/cluster-data/110/e0192d42-e3c7-4d12-9872-137fb6304921/150b68c2-88e8-46a7-a12e-b86a96bf1416/public/cluster-1/030232002011.json,030232002011,Hydro One,Ontario,kubra_stormcentre_live,Unofficial public Hydro One Storm Centre (Kubra) live snapshot; not operational outage history.,2026-10-07T19:30:20.491997+00:00,20261007_193020Z
12-1,Area Outage,19,1,Planned Broadband/Joint Use Work,,ETR-EXP,,,,44.55532,-78.46989,False,https://kubra.io/cluster-data/110/e0192d42-e3c7-4d12-9872-137fb6304921/150b68c2-88e8-46a7-a12e-b86a96bf1416/public/cluster-1/030232002011.json,030232002011,Hydro One,Ontario,kubra_stormcentre_live,Unofficial public Hydro One Storm Centre (Kubra) live snapshot; not operational outage history.,2026-10-07T19:30:20.491997+00:00,20261007_193020Z
12-2,Area Outage,19,1,Planned Broadband/Joint Use Work,,ETR-EXP,,,,44.55572,-78.46916,False,https://kubra.io/cluster-data/110/e0192d42-e3c7-4d12-9872-137fb6304921/150b68c2-88e8-46a7-a12e-b86a96bf1416/public/cluster-1/030232002011.json,030232002011,Hydro One,Ontario,kubra_stormcentre_live,Unofficial public Hydro One Storm Centre (Kubra) live snapshot; not operational outage history.,2026-10-07T19:30:20.491997+00:00,20261007_193020Z
12-3,Area Outage,19,1,Planned Broadband/Joint Use Work,,ETR-EXP,,,,44.55656,-78.46869,False,https://kubra.io/cluster-data/110/e0192d42-e3c7-4d12-9872-137fb6304921/150b68c2-88e8-46a7-a12e-b86a96bf1416/public/cluster-1/030232002011.json,030232002011,Hydro One,Ontario,kubra_stormcentre_live,Unofficial public Hydro One Storm Centre (Kubra) live snapshot; not operational outage history.,2026-10-07T19:30:20.491997+00:00,20261007_193020Z
12-0,Area Outage,107,1,Tree on Line,,ETR-EXP,,,,44.09148,-77.58992,False,https://kubra.io/cluster-data/323/e0192d42-e3c7-4d12-9872-137fb6304921/150b68c2-88e8-46a7-a12e-b86a96bf1416/public/cluster-1/030232003323.json,030232003323,Hydro One,Ontario,kubra_stormcentre_live,Unofficial public Hydro One Storm Centre (Kubra) live snapshot; not operational outage history.,2026-10-07T19:30:20.491997+00:00,20261007_193020Z
12-1,Area Outage,19,1,Tree on Line,,ETR-EXP,,,,44.09256,-77.58723,False,https://kubra.io/cluster-data/323/e0192d42-e3c7-4d12-9872-137fb6304921/150b68c2-88e8-46a7-a12e-b86a96bf1416/public/cluster-1/030232003323.json,030232003323,Hydro One,Ontario,kubra_stormcentre_live,Unofficial public Hydro One Storm Centre (Kubra) live snapshot; not operational outage history.,2026-10-07T19:30:20.491997+00:00,20261007_193020Z
8-0,Area Outage,19,1,Planned Broadband/Joint Use Work,,ETR-EXP,,,,44.1762,-76.86875,False,https://kubra.io/cluster-data/102/e0192d42-e3c7-4d12-9872-137fb6304921/150b68c2-88e8-46a7-a12e-b86a96bf1416/public/cluster-1/03023201.json,03023201,Hydro One,Ontario,kubra_stormcentre_live,Unofficial public Hydro One Storm Centre (Kubra) live snapshot; not operational outage history.,2026-10-07T19:30:20.491997+00:00,20261007_193020Z
8-1,Area Outage,19,1,Pending Classification,,2026-10-07T20:30:00Z,,,,44.43493,-76.56442,False,https://kubra.io/cluster-data/102/e0192d42-e3c7-4d12-9872-137fb6304921/150b68c2-88e8-46a7-a12e-b86a96bf1416/public/cluster-1/03023201.json,03023201,Hydro One,Ontario,kubra_stormcentre_live,Unofficial public Hydro One Storm Centre (Kubra) live snapshot; not operational outage history.,2026-10-07T19:30:20.491997+00:00,20261007_193020Z
8-0,Area Outage,19,1,Pending Classification,,2026-10-07T20:45:00Z,,,,44.06038,-78.23537,False,https://kubra.io/cluster-data/202/e0192d42-e3c7-4d12-9872-137fb6304921/150b68c2-88e8-46a7-a12e-b86a96bf1416/public/cluster-1/03023202.json,03023202,Hydro One,Ontario,kubra_stormcentre_live,Unofficial public Hydro One Storm Centre (Kubra) live snapshot; not operational outage history.,2026-10-07T19:30:20.491997+00:00,20261007_193020Z
7-0,Area Outage,19,1,Planned Broadband/Joint Use Work,,ETR-EXP,,,,45.03333,-75.74918,False,https://kubra.io/cluster-data/123/e0192d42-e3c7-4d12-9872-137fb6304921/150b68c2-88e8-46a7-a12e-b86a96bf1416/public/cluster-1/0302321.json,0302321,Hydro One,Ontario,kubra_stormcentre_live,Unofficial public Hydro One Storm Centre (Kubra) live snapshot; not operational outage history.,2026-10-07T19:30:20.491997+00:00,20261007_193020Z
