outage_id,title,customers_affected,n_outages_in_cluster_record,cause,status,etr,start_time,region,municipality,latitude,longitude,cluster,source_url,quadkey,utility,province,feed,data_source_notes
7-0,Area Outage,19,1,Pending Classification,,2026-10-10T04:30:00Z,,,,51.14709,-91.59738,False,https://kubra.io/cluster-data/131/e0192d42-e3c7-4d12-9872-137fb6304921/68188d60-84d3-4921-8f9c-ac262b7d7978/public/cluster-1/0213131.json,0213131,Hydro One,Ontario,kubra_stormcentre_live,Unofficial public Hydro One Storm Centre (Kubra) live snapshot; not operational outage history.
7-0,Area Outage,19,1,Pending Classification,,2026-10-10T04:00:00Z,,,,49.87207,-91.16268,False,https://kubra.io/cluster-data/331/e0192d42-e3c7-4d12-9872-137fb6304921/68188d60-84d3-4921-8f9c-ac262b7d7978/public/cluster-1/0213133.json,0213133,Hydro One,Ontario,kubra_stormcentre_live,Unofficial public Hydro One Storm Centre (Kubra) live snapshot; not operational outage history.
7-0,Area Outage,19,1,Repairing Equipment,,2026-10-13T21:30:00Z,,,,48.59643,-85.29472,False,https://kubra.io/cluster-data/102/e0192d42-e3c7-4d12-9872-137fb6304921/68188d60-84d3-4921-8f9c-ac262b7d7978/public/cluster-1/0302201.json,0302201,Hydro One,Ontario,kubra_stormcentre_live,Unofficial public Hydro One Storm Centre (Kubra) live snapshot; not operational outage history.
7-0,Area Outage,19,1,Pending Classification,,2026-10-10T03:45:00Z,,,,45.59065,-80.39181,False,https://kubra.io/cluster-data/312/e0192d42-e3c7-4d12-9872-137fb6304921/68188d60-84d3-4921-8f9c-ac262b7d7978/public/cluster-1/0302213.json,0302213,Hydro One,Ontario,kubra_stormcentre_live,Unofficial public Hydro One Storm Centre (Kubra) live snapshot; not operational outage history.
9-0,Area Outage,19,1,Tree on Line,,2026-10-10T02:30:00Z,,,,44.77772,-79.58712,False,https://kubra.io/cluster-data/011/e0192d42-e3c7-4d12-9872-137fb6304921/68188d60-84d3-4921-8f9c-ac262b7d7978/public/cluster-1/030223110.json,030223110,Hydro One,Ontario,kubra_stormcentre_live,Unofficial public Hydro One Storm Centre (Kubra) live snapshot; not operational outage history.
11-0,Area Outage,19,1,Currently Under Investigation,,2026-10-10T22:00:00Z,,,,44.45574,-79.23011,False,https://kubra.io/cluster-data/303/e0192d42-e3c7-4d12-9872-137fb6304921/68188d60-84d3-4921-8f9c-ac262b7d7978/public/cluster-1/03022311303.json,03022311303,Hydro One,Ontario,kubra_stormcentre_live,Unofficial public Hydro One Storm Centre (Kubra) live snapshot; not operational outage history.
11-1,Area Outage,19,1,Currently Under Investigation,,2026-10-10T22:00:00Z,,,,44.44692,-79.2156,False,https://kubra.io/cluster-data/303/e0192d42-e3c7-4d12-9872-137fb6304921/68188d60-84d3-4921-8f9c-ac262b7d7978/public/cluster-1/03022311303.json,03022311303,Hydro One,Ontario,kubra_stormcentre_live,Unofficial public Hydro One Storm Centre (Kubra) live snapshot; not operational outage history.
8-0,Area Outage,20,1,Pending Classification,,2026-10-10T02:30:00Z,,,,43.92499,-81.26252,False,https://kubra.io/cluster-data/213/e0192d42-e3c7-4d12-9872-137fb6304921/68188d60-84d3-4921-8f9c-ac262b7d7978/public/cluster-1/03022312.json,03022312,Hydro One,Ontario,kubra_stormcentre_live,Unofficial public Hydro One Storm Centre (Kubra) live snapshot; not operational outage history.
7-0,Area Outage,19,1,Pending Classification,,2026-10-10T03:45:00Z,,,,45.10187,-78.40532,False,https://kubra.io/cluster-data/203/e0192d42-e3c7-4d12-9872-137fb6304921/68188d60-84d3-4921-8f9c-ac262b7d7978/public/cluster-1/0302302.json,0302302,Hydro One,Ontario,kubra_stormcentre_live,Unofficial public Hydro One Storm Centre (Kubra) live snapshot; not operational outage history.
8-0,Area Outage,19,1,Pending Classification,,2026-10-10T03:15:00Z,,,,44.73089,-78.26856,False,https://kubra.io/cluster-data/002/e0192d42-e3c7-4d12-9872-137fb6304921/68188d60-84d3-4921-8f9c-ac262b7d7978/public/cluster-1/03023200.json,03023200,Hydro One,Ontario,kubra_stormcentre_live,Unofficial public Hydro One Storm Centre (Kubra) live snapshot; not operational outage history.
8-1,Area Outage,19,1,Pending Classification,,2026-10-10T01:45:00Z,,,,44.21577,-78.14987,False,https://kubra.io/cluster-data/002/e0192d42-e3c7-4d12-9872-137fb6304921/68188d60-84d3-4921-8f9c-ac262b7d7978/public/cluster-1/03023200.json,03023200,Hydro One,Ontario,kubra_stormcentre_live,Unofficial public Hydro One Storm Centre (Kubra) live snapshot; not operational outage history.
8-2,Area Outage,19,1,Currently Under Investigation,,ETR-EXP,,,,44.21168,-77.39007,False,https://kubra.io/cluster-data/002/e0192d42-e3c7-4d12-9872-137fb6304921/68188d60-84d3-4921-8f9c-ac262b7d7978/public/cluster-1/03023200.json,03023200,Hydro One,Ontario,kubra_stormcentre_live,Unofficial public Hydro One Storm Centre (Kubra) live snapshot; not operational outage history.
8-0,Area Outage,19,1,Pending Classification,,2026-10-10T02:00:00Z,,,,44.15829,-77.18992,False,https://kubra.io/cluster-data/102/e0192d42-e3c7-4d12-9872-137fb6304921/68188d60-84d3-4921-8f9c-ac262b7d7978/public/cluster-1/03023201.json,03023201,Hydro One,Ontario,kubra_stormcentre_live,Unofficial public Hydro One Storm Centre (Kubra) live snapshot; not operational outage history.
8-1,Area Outage,19,1,Pending Classification,,ETR-EXP,,,,44.39947,-76.48997,False,https://kubra.io/cluster-data/102/e0192d42-e3c7-4d12-9872-137fb6304921/68188d60-84d3-4921-8f9c-ac262b7d7978/public/cluster-1/03023201.json,03023201,Hydro One,Ontario,kubra_stormcentre_live,Unofficial public Hydro One Storm Centre (Kubra) live snapshot; not operational outage history.
